,URL,Date,User,Tweet
0,https://twitter.com/indozonemedia/status/1600486084193841152,2022-12-07 13:43:12+00:00,indozonemedia,"Tidak hanya itu saja, pemerintah Inggris juga menghimbau warganya untuk menjauhi Cianjur, Jawa Barat, setelah gempa bermagnitudo 5,6 melanda pada 22 November.

https://t.co/Mvlm87BcVY"
1,https://twitter.com/Humaira922/status/1600483035212025856,2022-12-07 13:31:05+00:00,Humaira922,"Pemerintah menjanjikan penyaluran bantuan berupa uang untuk rumah warga yg rusak akibat gempa Cianjur,

Pengungsi pun seperti diberi harapan akibat pernyataan yg dilontarkan @jokowi bberapa waktu lalu.

Kita tunggu kabar real bantuannya sampai ke warga‚ò∫Ô∏è 

Cc jg pak @ridwankamil https://t.co/Vt4xEcDILz"
2,https://twitter.com/PKBKuningan/status/1600482768513011712,2022-12-07 13:30:02+00:00,PKBKuningan,"Gus Muhaimin Minta Pemerintah Bantu Ponpes Terdampak Gempa Cianjur
https://t.co/nJQxEgeKUd
#GusMuhaiminPresiden2024

@cakimiNOW
@EmHasanuddin
@Jazilul_Fawaid
@CucunA44
@YanuarPrihatin1
@DPP_PKB
@SyaifulHooda
@jamaludin190680
@dpwpkbjabar
@Kosasih7Ujang"
3,https://twitter.com/UjangOfficial/status/1600479351643856898,2022-12-07 13:16:27+00:00,UjangOfficial,"Gus muhaimin minta pemerintah bantu ponpes terdampak gempa cianjur
https://t.co/KuVorw3ZAf

#pkb #gusmuhaimin #muhaiminiskandar #GusMuhaiminPresiden2024

@cakimiNOW
@DPP_PKB
@SyaifulHooda
@jamaludin190680
@dpwpkbjabar
@Kosasih7Ujang
¬† @sahabat_k_ujang 
@UjangOfficial https://t.co/f6Lod3Z2mc"
4,https://twitter.com/sahabat_k_ujang/status/1600479263928434691,2022-12-07 13:16:06+00:00,sahabat_k_ujang,"Gus muhaimin minta pemerintah bantu ponpes terdampak gempa cianjur
https://t.co/DAXFwJHkjl

#pkb #gusmuhaimin #muhaiminiskandar #GusMuhaiminPresiden2024

@cakimiNOW
@DPP_PKB
@SyaifulHooda
@jamaludin190680
@dpwpkbjabar
@Kosasih7Ujang
¬† @sahabat_k_ujang 
@UjangOfficial https://t.co/p6DmtxZyog"
5,https://twitter.com/Midah9Kas/status/1600476693961248768,2022-12-07 13:05:53+00:00,Midah9Kas,"Pesantren Gasol Pusaka, salah satu pesanten di Cianjur yg rusak parah akibat gempa. pemerintah harus perhatikan sarana fasilitas belajar santri supaya belajar mengajar di pesantren tetap berjalan. https://t.co/z9SCWKXuJ8"
6,https://twitter.com/Solahudin075/status/1600475204479684609,2022-12-07 12:59:58+00:00,Solahudin075,"Gus Muhaimin @cakimiNOW Minta Pemerintah Prioritaskan Bantu Ponpes Terdampak Gempa di Cianjur

https://t.co/gVpfdRBAH0"
7,https://twitter.com/Solahudin075/status/1600474941534908419,2022-12-07 12:58:56+00:00,Solahudin075,"Gus Muhaimin @cakimiNOW Minta Pemerintah Prioritas Bantu Ponpes Terdampak Gempa Cianjur
https://t.co/STTIxljiCn"
8,https://twitter.com/Solahudin075/status/1600474825478111232,2022-12-07 12:58:28+00:00,Solahudin075,"Gus Muhaimin @cakimiNOW minta Pemerintah prioritas bantu ponpes terdampak gempa Cianjur

https://t.co/1oqZyY1F6m"
9,https://twitter.com/indoict/status/1600462870080544770,2022-12-07 12:10:58+00:00,indoict,Teknologi GeoAI Bantu Pemerintah Identifikasi Skala Prioritas Gempa Cianjur https://t.co/O2BgGW6aIz @indoict
10,https://twitter.com/indoict/status/1600462825016922113,2022-12-07 12:10:47+00:00,indoict,Teknologi GeoAI Bantu Pemerintah Identifikasi Skala Prioritas Gempa Cianjur https://t.co/O2BgGW6aIz via @indoict
11,https://twitter.com/TataSweety25/status/1600460262913372162,2022-12-07 12:00:36+00:00,TataSweety25,Rumah tahan gempa akan dibangun Pemerintah di lahan relokasi bagi para korban terdampak gempa di Cianjur https://t.co/fDK8HWrR4F
12,https://twitter.com/DjampiSidkon/status/1600455726895628288,2022-12-07 11:42:34+00:00,DjampiSidkon,"@cakimiNOW Pemerintah Daerah Jawa Barat, harus tanggap dan hadir di Pesantren terdampak Gempa Cianjur. Bangun segera bangunan Pondok yang runtuh, agar santri segera dapat belajar lagi. Hallo @jabarprovgoid @ridwankamil @uuruzhan @SWangsaatmaja @Birokesrajabar"
13,https://twitter.com/antaranews/status/1600455248262619137,2022-12-07 11:40:40+00:00,antaranews,"Pemerintah Kab. Cianjur, catat hasil verifikasi sementara rumah rusak akibat gempa sebanyak 53.408 dengan rincian rusak berat sebanyak 12.956, sedang sebanyak 15.196 dan ringan sebanyak 25.256.

https://t.co/q0YhnBShJJ"
14,https://twitter.com/Gardabangsaa/status/1600454488145670144,2022-12-07 11:37:39+00:00,Gardabangsaa,"Cak Imin Minta Pemerintah Prioritaskan Bantu Ponpes Terdampak Gempa di Cianjur

https://t.co/DaReP22mtp

#gardabangsa #majubersama #gusmuhaimin"
15,https://twitter.com/fahmi_bd/status/1600450398854123522,2022-12-07 11:21:24+00:00,fahmi_bd,Cak Imin Minta Pemerintah Prioritaskan Bantu Ponpes Terdampak Gempa di Cianjur https://t.co/evJ1oljnet
16,https://twitter.com/IsmailMangngaga/status/1600450176577306624,2022-12-07 11:20:31+00:00,IsmailMangngaga,"Cak Imin Minta Pemerintah Prioritaskan Bantu Ponpes Terdampak Gempa di Cianjur

https://t.co/JCg0ampAVF"
17,https://twitter.com/masbams70/status/1600448590526414849,2022-12-07 11:14:13+00:00,masbams70,Cak Imin ‚Å¶@cakimiNOW‚Å© Minta Pemerintah Prioritaskan Bantu Ponpes Terdampak Gempa di Cianjur https://t.co/IvrFurqYkw
18,https://twitter.com/infoMKS_/status/1600444417260851202,2022-12-07 10:57:38+00:00,infoMKS_,Wali Kota Makassar mengajak pegawai pemerintah bantu korban gempa Cianjur https://t.co/z8yfiWw4dh
19,https://twitter.com/detikcom/status/1600443121644470272,2022-12-07 10:52:29+00:00,detikcom,Cak Imin prihatin atas kondisi sarana-prasarana ponpes di Cianjur yang rusak akibat gempa. Dia meminta pemerintah memprioritaskan perbaikan pesantren. https://t.co/rbQrY49lnh
20,https://twitter.com/Carliaja2/status/1600441435438075905,2022-12-07 10:45:47+00:00,Carliaja2,"Bantuan dari pemerintah untuk korban gempa di Cianjur 
#JokowiPresidenku
#PembangunanUntukRakyat
#PresidenJokowiHebat
#JokowiMembangunNegeri
#JokowiMajuBersamaIndonesia
#JokowiBapakInfrastruktur https://t.co/XqyGlNr0qJ"
21,https://twitter.com/radarbangsa_com/status/1600439865174556673,2022-12-07 10:39:33+00:00,radarbangsa_com,Gus Muhaimin Minta Pemerintah Prioritas Bantu Ponpes Terdampak Gempa Cianjur https://t.co/A1YVE4siMV
22,https://twitter.com/Carliaja2/status/1600433619855896578,2022-12-07 10:14:44+00:00,Carliaja2,"Hebat! bantuan dari pemerintah untuk korban gempa Cianjur üëç
#JokowiPresidenku
#PembangunanUntukRakyat
#PresidenJokowiHebat
#JokowiMembangunNegeri
#JokowiMajuBersamaIndonesia
#JokowiBapakInfrastruktur https://t.co/QTlW81XxvJ"
23,https://twitter.com/antaramakassar/status/1600427455848017920,2022-12-07 09:50:14+00:00,antaramakassar,Wali Kota Makassar mengajak pegawai pemerintah bantu korban gempa Cianjur https://t.co/1AaJHMwrTa
24,https://twitter.com/KanjengReseh/status/1600421859572731904,2022-12-07 09:28:00+00:00,KanjengReseh,"Terbaik, Pemerintah pastikan 1.800 rumah korban gempa Cianjur siap untuk dibangun

#JokowiPresidenku
#PembangunanUntukRakyat
#PresidenJokowiHebat
#JokowiMembangunNegeri
#JokowiMajuBersamaIndonesia
#JokowiBapakInfrastruktur https://t.co/6p5r0PnNCO"
25,https://twitter.com/Renataa62456472/status/1600420591655211011,2022-12-07 09:22:58+00:00,Renataa62456472,"Pemerintah sangat terbaik dalam mensejahterakan korban gempa bumi cianjur. 
#JokowiPresidenku
#PembangunanUntukRakyat
#PresidenJokowiHebat
#JokowiMembangunNegeri
#JokowiMajuBersamaIndonesia
#JokowiBapakInfrastruktur https://t.co/Fzeg9w9eF2"
26,https://twitter.com/billy4riez/status/1600418109235810310,2022-12-07 09:13:06+00:00,billy4riez,Gus Muhaimin Minta Pemerintah Prioritas Bantu Ponpes Terdampak Gempa Cianjur https://t.co/XU0I2n1KQe
27,https://twitter.com/chatnews_id/status/1600418087152779264,2022-12-07 09:13:00+00:00,chatnews_id,"Pemerintah Kabupaten #Cianjur, Jawa Barat, memperpanjang pencarian korban gempa. Data terbaru menyebutkan delapan orang masih hilang. #BREAKING_NEWS 

https://t.co/Nue6F0LGK6"
28,https://twitter.com/YogisaputraHD/status/1600417564214972417,2022-12-07 09:10:56+00:00,YogisaputraHD,"Kepedulian pemerintah terhadap korban gempa Cianjur
#JokowiPresidenku
#PembangunanUntukRakyat
#PresidenJokowiHebat
#JokowiMembangunNegeri
#JokowiMajuBersamaIndonesia
#JokowiBapakInfrastruktur https://t.co/8vcHjIefWW"
29,https://twitter.com/BogdanovaMiro12/status/1600415007493468161,2022-12-07 09:00:46+00:00,BogdanovaMiro12,"Pemerintah sudah menyiapkan rumah untuk korban gempa Cianjur
#JokowiPresidenku
#PembangunanUntukRakyat
#PresidenJokowiHebat
#JokowiMembangunNegeri
#JokowiMajuBersamaIndonesia
#JokowiBapakInfrastruktur
KAMI HADIR MENDUKUNG https://t.co/8PVJyFS75Q"
30,https://twitter.com/bisnisindo_id/status/1600414852014804992,2022-12-07 09:00:09+00:00,bisnisindo_id,Pemerintah Bangun Rumah Risha di Lahan Relokasi Gempa Cianjur https://t.co/laiHeuKy3k https://t.co/WPgvgk0zUF
31,https://twitter.com/IsmailMangngaga/status/1600413261723488257,2022-12-07 08:53:50+00:00,IsmailMangngaga,"Gus Muhaimin Minta Pemerintah Prioritas Bantu Ponpes Terdampak Gempa Cianjur
https://t.co/yuIEF2uw6n"
32,https://twitter.com/MobilalaNauw/status/1600406829439541249,2022-12-07 08:28:16+00:00,MobilalaNauw,"Pemerintah Siapkan 2,5 Hektar Lahan Untuk Pembangunan 200 Rumah Bagi Korban Gempa Cianjur

#JokowiPresidenku
#PembangunanUntukRakyat
#PresidenJokowiHebat
#JokowiMembangunNegeri
#JokowiMajuBersamaIndonesia
#JokowiBapakInfrastruktur https://t.co/3aguf3sDwM"
33,https://twitter.com/RFatwala/status/1600405388570267648,2022-12-07 08:22:33+00:00,RFatwala,"Terbaik!! Pemerintah siapkan 2,5 hektar lahan untuk pembangunan 200 rumah bagi korhan gempa cianjur
#JokowiPresidenku
#PembangunanUntukRakyat
#PresidenJokowiHebat
#JokowiMembangunNegeri
#JokowiMajuBersamaIndonesia
#JokowiBapakInfrastruktur https://t.co/uxYlSMh0zI"
34,https://twitter.com/triosusanto96/status/1600405219476934657,2022-12-07 08:21:53+00:00,triosusanto96,"Pemerintah siapkan 2,5 hektar lahan untuk bangun 200 rumah bagi korban gempa Cianjur. 
#JokowiPresidenku
#PembangunanUntukRakyat
#PresidenJokowiHebat
#JokowiMembangunNegeri
#JokowiMajuBersamaIndonesia
#JokowiBapakInfrastruktur https://t.co/rbbOuKxqkm"
35,https://twitter.com/RFatwala/status/1600404851133124608,2022-12-07 08:20:25+00:00,RFatwala,"Pemerintah pastikan 1.800 rumah korban gempa cianjur siap untuk dibangun
#JokowiPresidenku
#PembangunanUntukRakyat
#PresidenJokowiHebat
#JokowiMembangunNegeri
#JokowiMajuBersamaIndonesia
#JokowiBapakInfrastruktur https://t.co/6D5XMuMX89"
36,https://twitter.com/mderpati/status/1600399382188548097,2022-12-07 07:58:41+00:00,mderpati,"Hebat ! Pemerintah Pastikan 1.800 rumah korban gempa Cianjur Siap Untuk Dibangun.
#JokowiPresidenku
#PembangunanUntukRakyat
#PresidenJokowiHebat
#JokowiMembangunNegeri
#JokowiMajuBersamaIndonesia
#JokowiBapakInfrastruktur https://t.co/lLiLNeigly"
37,https://twitter.com/DataRiau/status/1600397523231059968,2022-12-07 07:51:18+00:00,DataRiau,"JNE Serahkan 3,2 Ton Bantuan ke Pemerintah Kabupaten Cianjur Untuk Masyarakat Korban Gempa @JNE_ID https://t.co/7gco1JiQ0C"
38,https://twitter.com/julian_isah/status/1600396903992426496,2022-12-07 07:48:50+00:00,julian_isah,"Pemerintah pastikan 1.800 rumah korban gempa Cianjur siap untuk dibangun

#JokowiPresidenku
#PembangunanUntukRakyat
#PresidenJokowiHebat
#JokowiMembangunNegeri
#JokowiMajuBersamaIndonesia
#JokowiBapakInfrastruktur https://t.co/CONgP4PLAH"
39,https://twitter.com/KuncoReyna/status/1600396662756626432,2022-12-07 07:47:52+00:00,KuncoReyna,Pemerintah pastikan 1.800 rumah korban gempa cianjur siap untuk dibangun #JokowiPresidenku #PembangunanUntukRakyat #PresidenJokowiHebat #JokowiMembangunNegeri https://t.co/O83SY2CYQV
40,https://twitter.com/KuncoReyna/status/1600396505159868417,2022-12-07 07:47:15+00:00,KuncoReyna,"Pemerintah siapkan 2,5 hektar lahan pembangunan 200 rumah bagi korban gempa cianjur #JokowiPresidenku #PembangunanUntukRakyat #PresidenJokowiHebat #JokowiMembangunNegeri https://t.co/v9UFDt9fli"
41,https://twitter.com/HafanaYuni/status/1600396083045113856,2022-12-07 07:45:34+00:00,HafanaYuni,Pemerintah pastikan 1.800 rumah korban gempa cianjur siap untuk dibangun #JokowiPresidenku #PembangunanUntukRakyat #PresidenJokowiHebat #JokowiMembangunNegeri https://t.co/RMSNS6oD4R
42,https://twitter.com/billy4riez/status/1600395950270607360,2022-12-07 07:45:03+00:00,billy4riez,Gus Muhaimin Minta Pemerintah Prioritas Bantu Ponpes Terdampak Gempa Cianjur https://t.co/c1AjTtM918
43,https://twitter.com/HafanaYuni/status/1600394432301654016,2022-12-07 07:39:01+00:00,HafanaYuni,"Pemerintah siapkan 2,5 hektar lahan pembangunan 200 rumah bagi korban gempa cianjur #JokowiPresidenku #PembangunanUntukRakyat #PresidenJokowiHebat #JokowiMembangunNegeri https://t.co/M7sx5EUMKN"
44,https://twitter.com/RikoKanjeng/status/1600394403327414272,2022-12-07 07:38:54+00:00,RikoKanjeng,"Pemerintah bangun rumah warga terdampak gempa Cianjur 
#JokowiPresidenku
#PembangunanUntukRakyat
#PresidenJokowiHebat
#JokowiMembangunNegeri
#JokowiMajuBersamaIndonesia
#JokowiBapakInfrastruktur https://t.co/yngyd2kQ8O"
45,https://twitter.com/KurniaM13984136/status/1600394179808743429,2022-12-07 07:38:01+00:00,KurniaM13984136,"Pemerintah siapkan lahan untuk bangun rumah bagi korban bencana gempa Cianjur 

#JokowiPresidenku
#PembangunanUntukRakyat
#PresidenJokowiHebat
#JokowiMembangunNegeri
#JokowiMajuBersamaIndonesia
#JokowiBapakInfrastruktur https://t.co/Z1EvzPRJKH"
46,https://twitter.com/DangeKering/status/1600393598935392258,2022-12-07 07:35:42+00:00,DangeKering,Pemerintah pastikan 1.800 rumah korban gempa cianjur siap untuk dibangun #JokowiPresidenku #PembangunanUntukRakyat #PresidenJokowiHebat #JokowiMembangunNegeri https://t.co/mJ12XaYZqD
47,https://twitter.com/BadikPejuang/status/1600393170608496643,2022-12-07 07:34:00+00:00,BadikPejuang,"Pemerintah siapkan 2,5 hektar lahan pembangunan 200 rumah bagi korban gempa cianjur #JokowiPresidenku #PembangunanUntukRakyat #PresidenJokowiHebat #JokowiMembangunNegeri https://t.co/IMKqmpGQbq"
48,https://twitter.com/mistahul8/status/1600392084623478787,2022-12-07 07:29:41+00:00,mistahul8,"Terbaik pemerintah siapkan hektar lahan untuk pembangunan korban gempa Cianjur
#JokowiPresidenku
#PembangunanUntukRakyat
#PresidenJokowiHebat
#JokowiMembangunNegeri
#JokowiMajuBersamaIndonesia
#JokowiBapakInfrastruktur https://t.co/XvTUDn3Lf8"
49,https://twitter.com/rustomcasilan/status/1600391245041635328,2022-12-07 07:26:21+00:00,rustomcasilan,"Pemerintah pastikan 1.800 rumah korban gempa Cianjur siap untuk dibangun

#JokowiPresidenku
#PembangunanUntukRakyat
#PresidenJokowiHebat
#JokowiMembangunNegeri
#JokowiMajuBersamaIndonesia
#JokowiBapakInfrastruktur https://t.co/L65cg0DCiy"
50,https://twitter.com/brayen43492916/status/1600388601891520513,2022-12-07 07:15:51+00:00,brayen43492916,"Terbaik pemerintah siapkan hektar lahan untuk pembangunan korban gempa Cianjur
#JokowiPresidenku
#PembangunanUntukRakyat
#PresidenJokowiHebat
#JokowiMembangunNegeri
#JokowiMajuBersamaIndonesia
#JokowiBapakInfrastruktur https://t.co/JeXvJy4Y4Y"
51,https://twitter.com/benink_/status/1600387141057527808,2022-12-07 07:10:02+00:00,benink_,"Pemerintah pastikan 1800 bangun rumah warga yang Terdampak gempa bumi di Cianjur

#JokowiPresidenku
#PembangunanUntukRakyat
#PresidenJokowiHebat
#JokowiMembangunNegeri
#JokowiMajuBersamaIndonesia
#JokowiBapakInfrastruktur https://t.co/RWfu8RqpxX"
52,https://twitter.com/AndroTimbuleng/status/1600384025251950592,2022-12-07 06:57:39+00:00,AndroTimbuleng,"Pemerintah pastikan 1800 rumah korban gempa Cianjur siap untuk dibangun#JokowiPresidenku
#PembangunanUntukRakyat
#PresidenJokowiHebat
#JokowiMembangunNegeri
#JokowiMajuBersamaIndonesia
#JokowiBapakInfrastruktur https://t.co/H0a3PPJr3p"
53,https://twitter.com/Vale_Febriani/status/1600383542344966145,2022-12-07 06:55:44+00:00,Vale_Febriani,"Pemerintah pastikan 1800 rumah korban gempa Cianjur siap untuk dibangun#JokowiPresidenku
#PembangunanUntukRakyat
#PresidenJokowiHebat
#JokowiMembangunNegeri
#JokowiMajuBersamaIndonesia
#JokowiBapakInfrastruktur https://t.co/hiWQFiAMim"
54,https://twitter.com/IsabelPensick52/status/1600381933720305664,2022-12-07 06:49:21+00:00,IsabelPensick52,"Pemerintah pastikan 1800 rumah korban gempa Cianjur siap untuk dibangun#JokowiPresidenku
#PembangunanUntukRakyat
#PresidenJokowiHebat
#JokowiMembangunNegeri
#JokowiMajuBersamaIndonesia
#JokowiBapakInfrastruktur https://t.co/o7tQ6LQx37"
55,https://twitter.com/IntanAyuArimbi/status/1600376411662864384,2022-12-07 06:27:24+00:00,IntanAyuArimbi,"Berbagai bangunan terdampak gempa bumi di Cianjur, Presiden Jokowi memastikan pemerintah akan segera melakukan rehabilitasi dan rekonstruksi. https://t.co/cfk6f83H7j"
56,https://twitter.com/IntanAyuArimbi/status/1600375512337350657,2022-12-07 06:23:50+00:00,IntanAyuArimbi,Presiden Jokowi mengungkapkan bahwa pemerintah menyiapkan dua tempat untuk relokasi warga terdampak gempa bumi Cianjur. https://t.co/LLjXXEpfc7
57,https://twitter.com/Beritakita26/status/1600346864766709760,2022-12-07 04:30:00+00:00,Beritakita26,"Mulai dari gempa Cianjur hingga erupsi gunung Semeru, pemerintah selalu bergerak cepat dalam memberikan bantuan pokok.

De Gea Spain Ronaldo BRImo
#JokowiPresidenku 
#JokowiHebat
#FIFAWorldCup 
#FIFAWorldCup2022 
#fifainhindi 
#BMKG 
#GempaBumi 
#PrayForCianjur 
#PRAYFORSEMERU https://t.co/bzDSvGyY0c"
58,https://twitter.com/atril_adibroto/status/1600346482703728640,2022-12-07 04:28:29+00:00,atril_adibroto,"Pesantren Gasol Pusaka, salah satu pesanten di Cianjur yg rusak parah akibat gempa. pemerintah harus perhatikan sarana fasilitas belajar santri supaya belajar mengajar di pesantren tetap berjalan. https://t.co/LmqzRRBz0Y"
59,https://twitter.com/MembangunIND/status/1600345606626476036,2022-12-07 04:25:00+00:00,MembangunIND,"Mulai dari gempa Cianjur hingga erupsi gunung Semeru, pemerintah selalu bergerak cepat dalam memberikan bantuan pokok.

De Gea Spain Ronaldo BRImo
#JokowiPresidenku 
#JokowiHebat
#FIFAWorldCup 
#FIFAWorldCup2022 
#fifainhindi 
#BMKG 
#GempaBumi 
#PrayForCianjur 
#PRAYFORSEMERU https://t.co/QD509PiOd4"
60,https://twitter.com/kuatuntukNegeri/status/1600344348129865728,2022-12-07 04:20:00+00:00,kuatuntukNegeri,"Mulai dari gempa Cianjur hingga erupsi gunung Semeru, pemerintah selalu bergerak cepat dalam memberikan bantuan pokok.

De Gea Spain Ronaldo BRImo
#JokowiPresidenku 
#JokowiHebat
#FIFAWorldCup 
#FIFAWorldCup2022 
#fifainhindi 
#BMKG 
#GempaBumi 
#PrayForCianjur 
#PRAYFORSEMERU https://t.co/ufx7150pI5"
61,https://twitter.com/cakimiNOW/status/1600341167165489153,2022-12-07 04:07:21+00:00,cakimiNOW,"Pesantren Gasol Pusaka, salah satu pesanten di Cianjur yg rusak parah akibat gempa. pemerintah harus perhatikan sarana fasilitas belajar santri supaya belajar mengajar di pesantren tetap berjalan. https://t.co/si4cW0oMwg"
62,https://twitter.com/TVMuhammadiyah/status/1600315963349819392,2022-12-07 02:27:12+00:00,TVMuhammadiyah,"Tak terkecuali Muhammadiyah terus berkoordinasi dengan pemerintah setempat dalam berbagai upaya mitigasi dan respon bencana di Cianjur, Jawa Barat.

#Muhammadiyah
#Aisyiyah
#tvMuhammadiyah
#MDMC
#RelawanMuhammadiyah
#GempaCianjur
#Lazismu"
63,https://twitter.com/pustakalewi/status/1600306347647574019,2022-12-07 01:49:00+00:00,pustakalewi,"Pemerintah Siapkan Rumah Tahan Gempa di Cianjur.
https://t.co/7hxDtAeQDy"
64,https://twitter.com/TirtoID/status/1600305341526310912,2022-12-07 01:45:00+00:00,TirtoID,"Pemerintah Kabupaten Cianjur, Jawa Barat, memperpanjang pencarian 8 orang korban longsor dan gempa, sampai 20 Desember.

https://t.co/hC8usPuuMW"
65,https://twitter.com/banten_pemprov/status/1600301657912672256,2022-12-07 01:30:22+00:00,banten_pemprov,"Pemerintah Provinsi (Pemprov) Banten menyalurkan bantuan kepada Pemerintah Kabupaten (Pemkab) Cianjur sebesar Rp 1 miliar untuk penanganan korban bencana alam gempa yang terjadi pada beberapa waktu lalu. 
#gempacianjur
https://t.co/rCN6O6eBdV"
66,https://twitter.com/dibalikislam/status/1600280403687792640,2022-12-07 00:05:54+00:00,dibalikislam,"MUSIBAH, MUHASABAH DAN TANGGUNG JAWAB PEMERINTAH 
#DibalikIslam #Gempa #GempaBumi #GempaCianjur #Muslim #Muslimah #Islam #IslamKaffah 
https://t.co/pxeQ6r0L97"
67,https://twitter.com/Donisetiyawana1/status/1600256169687543808,2022-12-06 22:29:36+00:00,Donisetiyawana1,Percepatan rehabelitasi daerh gempa Cianjur mempertaruhkan nama pemerintah
68,https://twitter.com/inilahdotcom/status/1600162698863726594,2022-12-06 16:18:11+00:00,inilahdotcom,Pemerintah Kabupaten Cianjur memperpanjang masa pencarian delapan orang korban longsor dan gempa di Sate Sinta-Cijedil dan Jalan Mangunkerta sampai 20 Desember. Sejak dilaporkan hilang usai gempa hebat yang mengguncang Cianjur dan menyebabkan tanah‚Ä¶ https://t.co/kHXilyRFw1
69,https://twitter.com/n_nafthalia/status/1600162152760823812,2022-12-06 16:16:01+00:00,n_nafthalia,Pemerintah Bangun Rumah Tahan Gempa di Cianjur Jawa Barat https://t.co/fPQCLMj2YW
70,https://twitter.com/warta_tangerang/status/1600159074917748737,2022-12-06 16:03:47+00:00,warta_tangerang,Pemerintah Bangun Rumah Tahan Gempa di¬†Cianjur https://t.co/QT5Or5ZmqC
71,https://twitter.com/InspiratifL/status/1600140453784977408,2022-12-06 14:49:48+00:00,InspiratifL,Pemerintah Kabupaten Tegal Berikan Bantuan untuk Korban Gempa¬†Cianjur https://t.co/Xw1WECJZ1J
72,https://twitter.com/PORT_INSPIRATIF/status/1600140436642926594,2022-12-06 14:49:43+00:00,PORT_INSPIRATIF,Pemerintah Kabupaten Tegal Berikan Bantuan untuk Korban Gempa¬†Cianjur https://t.co/6U3PRpAgWu
73,https://twitter.com/derasdotid/status/1600127120499277825,2022-12-06 13:56:49+00:00,derasdotid,"Sekretaris Daerah Kabupaten Cianjur Cecep S. Alamsyah menyampaikan, sebanyak 200 rumah hunian tetap (huntap) tahap pertama akan dibangun pemerintah bagi warga terdampak gempa Cianjur.

#Derasdotid #GempaCianjur 
https://t.co/tXmx0hC7Zz"
74,https://twitter.com/utamanewscom/status/1600122934047248384,2022-12-06 13:40:10+00:00,utamanewscom,"Bangun Rumah Tahan Gempa, Jokowi Siapkan Lahan 2,5 HA di Cianjur. ""Di lahan seluas 2,5 ha, akan dibangun 200 rumah tahan gempa. Selain di lokasi ini, pemerintah juga hendak membangun 1.600 rumah serupa di lokasi lainnya,‚Äù ucap Jokowi
 https://t.co/iPFFzKmffS"
75,https://twitter.com/TantiUmmu/status/1600098511936446464,2022-12-06 12:03:08+00:00,TantiUmmu,"Gempa Cianjur menyisakan duka yang mendalam. Ratusan ribu masyarakat Cianjur harus mengungsi. Sementara bantuan dari pemerintah belum merata. Masih banyak tenda pengungsian yang jauh dari layak. Simak update gempa Cianjur selengkapnya di channel MMC

https://t.co/FcyTd754tO https://t.co/nOVqA8t75V"
76,https://twitter.com/detikfinance/status/1600098454709182464,2022-12-06 12:02:54+00:00,detikfinance,Presiden Jokowi memastikan Pemerintah akan segera melakukan rehabilitasi dan rekonstruksi berbagai bangunan yang terdampak gempa di Cianjur. Begini potretnya. https://t.co/PRBEiP9oJt
77,https://twitter.com/IdSinpo/status/1600097155611402240,2022-12-06 11:57:44+00:00,IdSinpo,[PART 2]  Pemerintah Bangun Rumah Tahan Gempa Di Cianjur Jawa Barat https://t.co/cCQczFHSjk
78,https://twitter.com/IdSinpo/status/1600096769844850688,2022-12-06 11:56:12+00:00,IdSinpo,"[PART 1]  

Pemerintah Bangun Rumah Tahan Gempa Di Cianjur Jawa Barat https://t.co/ftzUba2X21"
79,https://twitter.com/julian_isah/status/1600088076168355841,2022-12-06 11:21:40+00:00,julian_isah,"Pemerintah sebut pembangunan rumah korban gempa Cianjur tuntas sebelum lebaran

#JokowiPresidenku
#PembangunanUntukRakyat
#PresidenJokowiHebat
#JokowiMembangunNegeri
#JokowiMajuBersamaIndonesia
#JokowiBapakInfrastruktur https://t.co/SiGyy8ev5H"
80,https://twitter.com/2045Tv/status/1600084243543040000,2022-12-06 11:06:26+00:00,2045Tv,"Pemerintah mempersiapkan rumah tahan gempa sebanyak 1.600 rumah untuk korban berdampak Gempa Cianjur. 

Terima kasih Pak Jokowiüëè https://t.co/Fk4URiPxVX"
81,https://twitter.com/adityarahman129/status/1600065200484667392,2022-12-06 09:50:46+00:00,adityarahman129,"Pemerintah sebut pembangunan rumah korban gempa cianjur tuntas sebelum lebaran
#JokowiPresidenku
#PembangunanUntukRakyat
#PresidenJokowiHebat
#JokowiMembangunNegeri
#JokowiMajuBersamaIndonesia
#JokowiBapakInfrastruktur https://t.co/5QBTTDjHYj"
82,https://twitter.com/pemkabcilacap_/status/1600060963210006528,2022-12-06 09:33:55+00:00,pemkabcilacap_,"Warga Bercahaya, Pemerintah Kabupaten Cilacap melalui Surat Edaran PJ Bupati melakukan Open Donasi untuk Korban Gempa Cianjur. Silahkan bagi Anda yang mau berdonasi sampai dengan 31 Januari 2023.

#PemkabCilacap #CilacapBercahaya https://t.co/vjCBdMrPaZ"
83,https://twitter.com/Dindapiarah/status/1600058472908865536,2022-12-06 09:24:02+00:00,Dindapiarah,"pemerintah sebut pembangunan rumah korban gempa cianjur tuntas sebelum lebaran
#JokowiPresidenku #PembangunanUntukRakyat #PresidenJokowiHebat #JokowiMembangunNegeri #JokowiMajuBersamaIndonesia #JokowiBapakInfrastruktur https://t.co/APvylWBX1y"
84,https://twitter.com/Desipanggona/status/1600058276372434944,2022-12-06 09:23:15+00:00,Desipanggona,"pemerintah sebut pembangunan rumah korban gempa cianjur tuntas sebelum lebaran
#JokowiPresidenku #PembangunanUntukRakyat #PresidenJokowiHebat #JokowiMembangunNegeri #JokowiMajuBersamaIndonesia #JokowiBapakInfrastruktur https://t.co/emlSvuRqtA"
85,https://twitter.com/JoinNkri/status/1600056415695294464,2022-12-06 09:15:51+00:00,JoinNkri,"Pemerintah Sebut Pembangunan Rumah Korban Gempa Cianjur Tuntas Sebelum Lebaran
#JokowiPresidenku
#PembangunanUntukRakyat
#PresidenJokowiHebat
#JokowiMembangunNegeri
#JokowiMajuBersamaIndonesia
#JokowiBapakInfrastruktur
Sumatera Selatan https://t.co/wKG36R8eSZ"
86,https://twitter.com/kusumaputri9899/status/1600050097630466055,2022-12-06 08:50:45+00:00,kusumaputri9899,"Pemerintah sebut Pembangunan Rumah Korban Gempa Cianjur Tuntas Sebelum Lebaran.
#JokowiPresidenku
#PembangunanUntukRakyat
#PresidenJokowiHebat
#JokowiMembangunNegeri
#JokowiMajuBersamaIndonesia
#JokowiBapakInfrastruktur https://t.co/B0pHHFSQH6"
87,https://twitter.com/ekbistangsel/status/1600049799906021376,2022-12-06 08:49:34+00:00,ekbistangsel,Pemerintah Bangun Lagi 1.600 Rumah Tahan Gempa bagi Warga Terdampak Gempa Cianjur https://t.co/rpPedzdPOB
88,https://twitter.com/NabilaDestiani3/status/1600046112043372547,2022-12-06 08:34:55+00:00,NabilaDestiani3,Pemerintah Bangun Rumah Tahan Gempa di Cianjur Jawa Barat https://t.co/HmFQhTUWRx
89,https://twitter.com/triosusanto96/status/1600040368413999104,2022-12-06 08:12:05+00:00,triosusanto96,"Pemerintah sebut pembangunan rumah korban gempa Cianjur tuntas sebelum lebaran. 
#JokowiPresidenku
#PembangunanUntukRakyat
#PresidenJokowiHebat
#JokowiMembangunNegeri
#JokowiMajuBersamaIndonesia
#JokowiBapakInfrastruktur https://t.co/wWd7mnOCTx"
90,https://twitter.com/reginanaung/status/1600039297654013953,2022-12-06 08:07:50+00:00,reginanaung,"Pemerintah sebut pembangunan rumah korban gempa cianjur tuntas sebelum lebaran

#JokowiPresidenku
#PembangunanUntukRakyat
#PresidenJokowiHebat
#JokowiMembangunNegeri
#JokowiMajuBersamaIndonesia
#JokowiBapakInfrastruktur https://t.co/TTz1IJjpgO"
91,https://twitter.com/primusanggarata/status/1600037579646459909,2022-12-06 08:01:00+00:00,primusanggarata,"Mantap, Pemerintah targetkan pembangunan rumah warga yang terdampak gempa di Kab. Cianjur

#JokowiPresidenku
#PembangunanUntukRakyat
#PresidenJokowiHebat
#JokowiMembangunNegeri
#JokowiMajuBersamaIndonesia
#JokowiBapakInfrastruktur https://t.co/ZxvaiQxXmQ"
92,https://twitter.com/AlphonsoJambi/status/1600037492404912128,2022-12-06 08:00:40+00:00,AlphonsoJambi,Pemerintah sebut pembangunan rumah korban gempa cianjur tuntas sebelum lebaran. Kami Mendukung Penuh ?? #JokowiPresidenku #PembangunanUntukRakyat #PresidenJokowiHebat #JokowiMembangunNegeri #JokowiMajuBersamaIndonesia #JokowiBapakInfrastruktur https://t.co/RXCtp9mx3T
93,https://twitter.com/Dorine05902449/status/1600033643186950145,2022-12-06 07:45:22+00:00,Dorine05902449,"Pemerintah kebut pembangunan untuk korban gempa cianjur. Kami Mendukung Penuh ‚ù§Ô∏è

#JokowiPresidenku
#PembangunanUntukRakyat
#PresidenJokowiHebat
#JokowiMembangunNegeri
#JokowiMajuBersamaIndonesia
#JokowiBapakInfrastruktur https://t.co/qHroy59XnT"
94,https://twitter.com/milky_ultra/status/1600033221441642497,2022-12-06 07:43:41+00:00,milky_ultra,"Pemerintah Sebut Pembangunan Rumah Korban Gempa Cianjur Tuntas Sebelum Lebaran
#JokowiPresidenku
#PembangunanUntukRakyat
#PresidenJokowiHebat
#JokowiMembangunNegeri
#JokowiMajuBersamaIndonesia
#JokowiBapakInfrastruktur https://t.co/qJ9Ck4Tf92"
95,https://twitter.com/silvarahayu14/status/1600032940733648897,2022-12-06 07:42:34+00:00,silvarahayu14,"Pemerintah Membanguna Rumah Korban Gempa Cianjur Tuntas Sebelum Lebaran
#JokowiPresidenku
#PembangunanUntukRakyat
#PresidenJokowiHebat
#JokowiMembangunNegeri
#JokowiMajuBersamaIndonesia
#JokowiBapakInfrastruktur https://t.co/WPz7iFFo7h"
96,https://twitter.com/Kaitlyn53504017/status/1600031819948515328,2022-12-06 07:38:07+00:00,Kaitlyn53504017,"Pemerintah sebut pembangunan rumah korban gempa cianjur tuntas sebelum lebaran. Kami Mendukung Penuh ‚ù§Ô∏è

#JokowiPresidenku
#PembangunanUntukRakyat
#PresidenJokowiHebat
#JokowiMembangunNegeri
#JokowiMajuBersamaIndonesia
#JokowiBapakInfrastruktur https://t.co/Taotb8AdJn"
97,https://twitter.com/vherenpundoko/status/1600026649244094464,2022-12-06 07:17:34+00:00,vherenpundoko,"Pemerintah sebut Pembangunan Rumah Korban Gempa di Cianjur selesai sebelum Lebaran

#JokowiPresidenku
#PembangunanUntukRakyat
#PresidenJokowiHebat
#JokowiMembangunNegeri
#JokowiMajuBersamaIndonesia
#JokowiBapakInfrastruktur https://t.co/MvYnjKfKxB"
98,https://twitter.com/meilyaniputri/status/1600023785167781888,2022-12-06 07:06:12+00:00,meilyaniputri,"Pemerintah sebut pembangunan rumah korban gempa cianjur tuntas sebelum lebaran

#JokowiPresidenku
#PembangunanUntukRakyat
#PresidenJokowiHebat
#JokowiMembangunNegeri
#JokowiMajuBersamaIndonesia
#JokowiBapakInfrastruktur https://t.co/W5oSu2uO9K"
99,https://twitter.com/patricia_yugho/status/1600023341129437185,2022-12-06 07:04:26+00:00,patricia_yugho,"Pemerintah sebut pembangunan rumah korban gempa cianjur tuntas sebelum lebaran
#JokowiPresidenku
#PembangunanUntukRakyat
#PresidenJokowiHebat
#JokowiMembangunNegeri
#JokowiMajuBersamaIndonesia
#JokowiBapakInfrastruktur https://t.co/5OkUh4gIYp"
100,https://twitter.com/kaukutangkap_/status/1600018885901590528,2022-12-06 06:46:43+00:00,kaukutangkap_,"Rumah korban gempa Cianjur yang rusak berat dilakukan relokasi berdasarkan kajian dari BMKG dan Badan Geologi. Selain itu, pemerintah juga memberikan bantuan berupa uang Rp50 juta, Rp25 juta dan uang Rp10 juta. Mantap üëè https://t.co/8I1oPrsvmA"
101,https://twitter.com/Komandan_Ichsan/status/1600011342315802629,2022-12-06 06:16:45+00:00,Komandan_Ichsan,"Kiriman terakhir untuk para korban gempa cianjur.
Semoga mereka bisa bertahan hidup dengan bantuan yang diberikan oleh donatur.
Posko ini akan ditutup sore nanti sesuai arahan pemerintah. https://t.co/obHG8DEYYO"
102,https://twitter.com/mderpati/status/1600010162689159168,2022-12-06 06:12:04+00:00,mderpati,"Pemerintah sebut Pembangunan Rumah Korban Gempa Cianjur Tuntas Sebelum Lebaran.
Dukung Pemerintah 
#JokowiPresidenku
#PembangunanUntukRakyat
#PresidenJokowiHebat
#JokowiMembangunNegeri
#JokowiMajuBersamaIndonesia
#JokowiBapakInfrastruktur https://t.co/EZITf3iURL"
103,https://twitter.com/jubirtvofficial/status/1600007555438477312,2022-12-06 06:01:42+00:00,jubirtvofficial,PEDULI GEMPA CIANJUR PEMERINTAH DESA CITEPUS &amp; KOMUNITAS PEDULI BENCANA ... https://t.co/hZGSa6FEQG lewat @YouTube
104,https://twitter.com/anditrojan/status/1600006071300808706,2022-12-06 05:55:48+00:00,anditrojan,@eejayDeedeeee Pemerintah terus berikan yang terbaik untuk korban gempa Cianjur
105,https://twitter.com/AnissaBilla7/status/1600005547633561601,2022-12-06 05:53:43+00:00,AnissaBilla7,"Pemerintah sebut pembangunan rumah korban gempa Cianjur tuntas sebelum lebaran

#JokowiPresidenku
#PembangunanUntukRakyat
#PresidenJokowiHebat
#JokowiMembangunNegeri
#JokowiMajuBersamaIndonesia
#JokowiBapakInfrastruktur https://t.co/bQtZ8CurEI"
106,https://twitter.com/Sinta_dew3/status/1600005247572680706,2022-12-06 05:52:32+00:00,Sinta_dew3,"Pemerintah sebut pembangunan rumah korban gempa Cianjur tuntas sebelum lebaran

#JokowiPresidenku
#PembangunanUntukRakyat
#PresidenJokowiHebat
#JokowiMembangunNegeri
#JokowiMajuBersamaIndonesia
#JokowiBapakInfrastruktur https://t.co/JCdU71dvkz"
107,https://twitter.com/nusa_info/status/1600004656570437633,2022-12-06 05:50:11+00:00,nusa_info,"Pemerintah Sebut Pembangunan Rumah Korban Gempa Cianjur Runtas Sebelum Lebaran
#JokowiPresidenku
#PembangunanUntukRakyat
#PresidenJokowiHebat
#JokowiMembangunNegeri
#JokowiMajuBersamaIndonesia
#JokowiBapakInfrastruktur https://t.co/9q5pjqHfbF"
108,https://twitter.com/diyaaaam/status/1600004353557172226,2022-12-06 05:48:59+00:00,diyaaaam,"Pascagempa yang terjadi di Cianjur M 5.6 pada Senin (21/11) yang lalu, pemerintah akan memberikan bantuan perbaikan rumah pada masyarakat yang rumahnya rusak akibat gempa.
#TerusBerikanManfaat https://t.co/pKkQggZO4b"
109,https://twitter.com/korantempo/status/1600003441384095744,2022-12-06 05:45:21+00:00,korantempo,Pemerintah telah menyiapkan bantuan tunai untuk korban gempa Cianjur. Prosedur pencairan bantuan dibuat berlapis untuk menghindari penyelewengan. #KoranTempo https://t.co/wHew10Ocen
110,https://twitter.com/Ayunitahandaya2/status/1599999828221562880,2022-12-06 05:31:00+00:00,Ayunitahandaya2,"Pemerintah sebut pembangunan rumah korban gempa cianjur tuntas sebelum lebaran

#JokowiPresidenku
#PembangunanUntukRakyat
#PresidenJokowiHebat
#JokowiMembangunNegeri
#JokowiMajuBersamaIndonesia
#JokowiBapakInfrastruktur https://t.co/j99zRWpV0q"
111,https://twitter.com/KemenPU/status/1599993192254156800,2022-12-06 05:04:38+00:00,KemenPU,"Presiden memastikan pemerintah segera merehabilitasi dan merekonstruksi bangunan yang terdampak gempa di Cianjur bersamaan dengan penanganan tanggap darurat, seperti sekolah, pondok pesantren, masjid, dan fasilitas lainnya. https://t.co/yZUcYLxNjQ"
112,https://twitter.com/kuasakatacom/status/1599991520647852032,2022-12-06 04:57:59+00:00,kuasakatacom,Warga Korban Gempa di Cianjur Belum Terima Dana Kompensasi Pemerintah¬† https://t.co/0PdfqWyOlZ
113,https://twitter.com/mapaybandungcom/status/1599988042735190016,2022-12-06 04:44:10+00:00,mapaybandungcom,Pemerintah Bangun 200 Rumah Tahan Gempa di Tempat Relokasi Pertama Cianjur https://t.co/4qBdhq57gZ
114,https://twitter.com/Donisetiyawana1/status/1599985107011796992,2022-12-06 04:32:30+00:00,Donisetiyawana1,"Semoga pemerintah Sudi menyisih kan sedikit anggaran tuk korban gempa Cianjur.konsumsi,selimut ,renda dan rehabelitasi tempat tinggal"
115,https://twitter.com/sinarjabar_com/status/1599983799370395650,2022-12-06 04:27:18+00:00,sinarjabar_com,"Pemerintah Siapkan Bantuan Perbaikan Rumah Rusak Akibat Gempa Cianjur
‚¨áÔ∏è
https://t.co/FOkiKLoNFy

#sinarjabar #sinarjabardotcom #faktual #kritis #infojabar #jabar #jawabarat #beritajabar #news #pemrintah #bantuanperbaikan #rumahrusak #gempa #cianjur 

@jokowi @PemkabCianjur"
116,https://twitter.com/muhajir_ajirr/status/1599979162709921792,2022-12-06 04:08:53+00:00,muhajir_ajirr,"News - Mantap! pemerintah cepat tanggap pasca bencana gempa Cianjur

#BINResponCepatBencanaAlam
#BINPeduliKorbanBencana
#BINTurutBerdukaGempaCianjur
#BINHadirCepatUntukRakyat
#BINPeduliSesama https://t.co/6PZGNQjb0x"
117,https://twitter.com/doskygondrong/status/1599978740171550720,2022-12-06 04:07:12+00:00,doskygondrong,"Info - Mantap! pemerintah cepat tanggap pasca bencana gempa Cianjur

#BINResponCepatBencanaAlam
#BINPeduliKorbanBencana
#BINTurutBerdukaGempaCianjur
#BINHadirCepatUntukRakyat
#BINPeduliSesama https://t.co/PGJY0krYso"
118,https://twitter.com/WBasaudara/status/1599978312948125698,2022-12-06 04:05:30+00:00,WBasaudara,"Mantap! pemerintah cepat tanggap pasca bencana gempa Cianjur

#BINResponCepatBencanaAlam
#BINPeduliKorbanBencana
#BINTurutBerdukaGempaCianjur
#BINHadirCepatUntukRakyat
#BINPeduliSesama https://t.co/Z1gWp3uFhE"
119,https://twitter.com/Urrangawak/status/1599977022650200064,2022-12-06 04:00:22+00:00,Urrangawak,"Pemerintah membangun 200 rumah tahan gempa untuk tahap pertama bagi warga.

Presiden Jokowi meninjau langsung progres pembangunan yang berlokasi di Desa Sirnagalih, Cianjur, Jawa Barat. https://t.co/zoQdIpm81U"
120,https://twitter.com/cianjurekspres/status/1599971893964062721,2022-12-06 03:40:00+00:00,cianjurekspres,"Pemerintah Pusat melalui Kementerian Pekerjaan Umum dan Perumahan Rakyat (PUPR), mulai membangun hunian tetap bagi korban bencana gempa bumi di area relokasi yang telah disiapkan pemerintah daerah. 
https://t.co/DxmI2ad8hp"
121,https://twitter.com/cianjurekspres/status/1599967339201851392,2022-12-06 03:21:54+00:00,cianjurekspres,"Pemerintah Pusat melalui Kementerian Pekerjaan Umum dan Perumahan Rakyat (PUPR), mulai membangun hunian tetap bagi korban bencana gempa bumi di area relokasi yang telah disiapkan pemerintah daerah. 
https://t.co/DxmI2adG6X"
122,https://twitter.com/Kabar_Tangsel/status/1599962717481324544,2022-12-06 03:03:32+00:00,Kabar_Tangsel,Pemerintah Bangun Rumah Tahan Gempa di¬†Cianjur https://t.co/fm2uW9z7Vt
123,https://twitter.com/Kabar_Tangsel/status/1599962683952222209,2022-12-06 03:03:24+00:00,Kabar_Tangsel,Pemerintah Bangun Rumah Tahan Gempa di Cianjur https://t.co/fm2uW9zFL1 via @kabar_tangsel
124,https://twitter.com/arifnur/status/1599955182997340160,2022-12-06 02:33:36+00:00,arifnur,"Selama dua pekan @MDMCIndonesia mengkoordinasikan 657 orang Relawan @muhammadiyah utk membantu warga Cianjur yg terdampak Gempa Bumi. 169 orang diantaranya perempuan dari Jawa dan Sumatera.

Jumlah yg sangat besar tentu untuk organisasi non pemerintah. Tapi begitulah Muhammadiyah https://t.co/ulSUZIaG4n"
125,https://twitter.com/egyptmoses911/status/1599946257107419136,2022-12-06 01:58:07+00:00,egyptmoses911,"‚ïî.‚òÖ. .‚ïê‚ïê‚ïê‚ïê‚ïê‚ïê‚ïê‚ïê‚ïê‚ïê‚ïê‚ïê‚ïê‚ïê‚ïê‚ïê‚ïê‚ïó
        
Pemerintah sebut pembangunan rumah korban gempa Cianjur tuntas sebelum lebaran
    
‚ïö‚ïê‚ïê‚ïê‚ïê‚ïê‚ïê‚ïê‚ïê‚ïê‚ïê‚ïê‚ïê‚ïê‚ïê‚ïê‚ïê‚ïê. .‚òÖ.‚ïù
#SolusiTingkatkanEkonomi
#SolusiTingkatkanEkonomi https://t.co/beej4StZ0l"
126,https://twitter.com/genie037/status/1599946034092081153,2022-12-06 01:57:14+00:00,genie037,"‚ïî.‚òÖ. .‚ïê‚ïê‚ïê‚ïê‚ïê‚ïê‚ïê‚ïê‚ïê‚ïê‚ïê‚ïê‚ïê‚ïê‚ïê‚ïê‚ïê‚ïó
        
Pemerintah sebut pembangunan rumah korban gempa Cianjur tuntas sebelum lebaran
    
‚ïö‚ïê‚ïê‚ïê‚ïê‚ïê‚ïê‚ïê‚ïê‚ïê‚ïê‚ïê‚ïê‚ïê‚ïê‚ïê‚ïê‚ïê. .‚òÖ.‚ïù
#SolusiTingkatkanEkonomi
#SolusiTingkatkanEkonomi https://t.co/Y4jrJze9nz"
127,https://twitter.com/genie037/status/1599944835817156608,2022-12-06 01:52:29+00:00,genie037,"‚ïî.‚òÖ. .‚ïê‚ïê‚ïê‚ïê‚ïê‚ïê‚ïê‚ïê‚ïê‚ïê‚ïê‚ïê‚ïê‚ïê‚ïê‚ïê‚ïê‚ïó
            
Pemerintah distribusikan prasarana dan sarana air bersih dan sanitasi
Bantu pengungsi gempa Cianjur

‚ïö‚ïê‚ïê‚ïê‚ïê‚ïê‚ïê‚ïê‚ïê‚ïê‚ïê‚ïê‚ïê‚ïê‚ïê‚ïê‚ïê‚ïê. .‚òÖ.‚ïù
#SolusiTingkatkanEkonomi
#SolusiTingkatkanEkonomi https://t.co/S6N5T4Oixd"
128,https://twitter.com/egyptmoses911/status/1599944793794445312,2022-12-06 01:52:19+00:00,egyptmoses911,"‚ïî.‚òÖ. .‚ïê‚ïê‚ïê‚ïê‚ïê‚ïê‚ïê‚ïê‚ïê‚ïê‚ïê‚ïê‚ïê‚ïê‚ïê‚ïê‚ïê‚ïó
            
Pemerintah distribusikan prasarana dan sarana air bersih dan sanitasi
Bantu pengungsi gempa Cianjur

‚ïö‚ïê‚ïê‚ïê‚ïê‚ïê‚ïê‚ïê‚ïê‚ïê‚ïê‚ïê‚ïê‚ïê‚ïê‚ïê‚ïê‚ïê. .‚òÖ.‚ïù
#SolusiTingkatkanEkonomi
#SolusiTingkatkanEkonomi https://t.co/pZ82bSR03W"
129,https://twitter.com/terpantauid/status/1599940105040703488,2022-12-06 01:33:41+00:00,terpantauid,Pemerintah Siapkan 200 Rumah Hunian Tetap untuk Relokasi Tahap Pertama Korban Gempa Cianjur https://t.co/GYYsoxXGfq #GempaCianjur #Rumah
130,https://twitter.com/_JinggaSaja_/status/1599935232094109696,2022-12-06 01:14:19+00:00,_JinggaSaja_,"Bangun sumur bor pemerintah pasok 10.000 liter air bersih untuk korban gempa cianjur

#SolusiTingkatkanEkonomi https://t.co/Mv46WM3MUN"
131,https://twitter.com/arisputra1515/status/1599932891110445056,2022-12-06 01:05:01+00:00,arisputra1515,"'Pemerintah Distribusikan Prasarana Dan Sarana Air Bersih Dan Sanitasi Untuk Bantu Pengungsi Gempa Cianjur'
#SolusiTingkatkanEkonomi https://t.co/ucr8DJNEFD"
132,https://twitter.com/jakartadaily_in/status/1599932023468351488,2022-12-06 01:01:34+00:00,jakartadaily_in,Pemerintah Bangun Ribuan Rumah Tahan Gempa di Cianjur https://t.co/PmODnOKLMA
133,https://twitter.com/LinaSianturi19/status/1599928784488402944,2022-12-06 00:48:42+00:00,LinaSianturi19,"Bangun sumur bor, pemerintah pasok 10.000liter air bersih per hari untuk korban gempa Cianjur
#SolusiTingkatkanEkonomi https://t.co/MvSo93dP4M"
134,https://twitter.com/LinaSianturi19/status/1599926611469824002,2022-12-06 00:40:04+00:00,LinaSianturi19,"Pemerintah sebut pembagunan rumah korban gempa Cianjur tuntas sebelum lebaran
#SolusiTingkatkanEkonomi https://t.co/JRPrCpmaUA"
135,https://twitter.com/ilyas09770199/status/1599919986457587712,2022-12-06 00:13:44+00:00,ilyas09770199,"Bangun sumur bor, pemerintah pasok 10.000 liter air bersih per hari untuk korban gempa Cianjur
#SolusiTingkatkanEkonomi https://t.co/SGLgYRVqgK"
136,https://twitter.com/ilyas09770199/status/1599917199967551488,2022-12-06 00:02:40+00:00,ilyas09770199,"Pemerintah sebut 
pembangunan rumah korban gempa Cianjur tuntas sebelum lebaran 
#SolusiTingkatkanEkonomi https://t.co/s4Jy2UXPnq"
137,https://twitter.com/mimakhayla/status/1599916746886242304,2022-12-06 00:00:52+00:00,mimakhayla,"Pemerintah distribusi prasarana
Bantu pengungsi gempa Cianjur

#SolusiTingkatkanEkonomi https://t.co/OjJoI9ClHZ"
138,https://twitter.com/mimakhayla/status/1599916649934905344,2022-12-06 00:00:29+00:00,mimakhayla,"Pemerintah sebut pembangunan rumah korban gempa Cianjur tuntas sebelum lebaran

#SolusiTingkatkanEkonomi https://t.co/FFFbnM0PNu"
139,https://twitter.com/VIVAcoid/status/1599916636546469890,2022-12-06 00:00:25+00:00,VIVAcoid,"Pemerintah memutuskan untuk merelokasi warga Cianjur yang tinggal di lokasi rawan gempa utamanya yang berada di desa Cugenang. Selengkapnya di https://t.co/HPDTQtEl9J 
===
#vivacoid #Cianjur #GempaCianjur https://t.co/SsZ2tcknpg"
140,https://twitter.com/KWidiarso/status/1599912748770824193,2022-12-05 23:44:58+00:00,KWidiarso,"@HukumDan Rumah mertuamu di Cianjur yg roboh krn gempa,.dibantu siapa sih...?

Dibantu pemerintah.

Ya duitnya salah satu sumbernya dari pinjaman.

Kalau bangun jalan tol dibangun dijual itu tidak masalah.Karena untuk bangun jalan tol lagi ( memperbaiki liquiditas). https://t.co/E5eC9XSFgk"
141,https://twitter.com/cover_both_side/status/1599849476768034816,2022-12-05 19:33:33+00:00,cover_both_side,"Tahap Pertama, Pemerintah Bangun 200 Huntap bagi Warga Terdampak Gempa Cianjur https://t.co/7nAEVYarWZ #CoverBothSide"
142,https://twitter.com/tauberitamedia/status/1599846577895780352,2022-12-05 19:22:02+00:00,tauberitamedia,KPK memastikan bakal ikut mengawasi distribusi bantuan yang akan disalurkan pemerintah untuk para korban gempa Cianjur. https://t.co/pI3bbU1314
143,https://twitter.com/tauberitamedia/status/1599846329286467586,2022-12-05 19:21:03+00:00,tauberitamedia,KPK memastikan bakal ikut mengawasi distribusi bantuan yang akan disalurkan pemerintah untuk para korban gempa Cianjur. https://t.co/pI3bbUi634
144,https://twitter.com/radarbangsa_com/status/1599807469047656456,2022-12-05 16:46:38+00:00,radarbangsa_com,Pasca Gempa Cianjur Pemerintah Mulai Siapkan Lahan Pembangunan Rumah Relokasi https://t.co/kMy4KnI53J
145,https://twitter.com/Hadimakpul/status/1599790849142902785,2022-12-05 15:40:35+00:00,Hadimakpul,"Presiden @jokowi meninjau progres pembangunan 200 rumah tahan gempa di Desa Sirnagalih, Cilaku, Kabupaten Cianjur, Senin, 5 Desember 2022.

Selain di lokasi tersebut, pemerintah juga menyiapkan pembangunan 1.600 rumah serupa di lokasi lainnya. https://t.co/UDayI74lML"
146,https://twitter.com/J3N1_LY/status/1599790099172327425,2022-12-05 15:37:36+00:00,J3N1_LY,"Semoga bantuan dr pemerintah ini bisa membantu masyarakat yg terdampak gempa Cianjur..üôè

Rumah anti gempa ini diberikan pd Masy yg berada di tengah pusat gempa. https://t.co/YvJI398rnK"
147,https://twitter.com/IDNTimesSumut/status/1599784643057709056,2022-12-05 15:15:56+00:00,IDNTimesSumut,"Pemerintah Provinsi Sulawesi Selatan menyerahkan bantuan berupa uang tunai sebesar Rp500 juta untuk para korban bencana gempa bumi di Kabupaten Cianjur, Jawa Barat. Penyerahan bantuan itu berlangsung di pendopo Kantor Bupati Cianjur, Senin, (5/12/2022).  https://t.co/wRqv72hjA6 https://t.co/dQ91M4OGxE"
148,https://twitter.com/SumarniGrobogan/status/1599784084087062528,2022-12-05 15:13:42+00:00,SumarniGrobogan,Pelepasan pemberian bantuan dari pemerintah kabupaten Grobogan kapada korban gempa bumi di kabupaten Cianjur provinsi Jawa Barat.  Semoga bermanfaatdan meringankan beban para korban https://t.co/SwTdchJYRJ
149,https://twitter.com/MinakMegaow/status/1599782496723668992,2022-12-05 15:07:24+00:00,MinakMegaow,"https://t.co/9UOI59iF4c

Alhamdulillah, Pemerintah akan segera membangun rumah korban gempa bumi Cianjur.

Jokowi Gas Pol Infrastruktur https://t.co/vvn5mFIrGi"
150,https://twitter.com/tempodotco/status/1599779260486815746,2022-12-05 14:54:32+00:00,tempodotco,Pemerintah Bangun 1.800 Rumah Korban Gempa Cianjur https://t.co/eW02qeyL2A #TempoBisnis
151,https://twitter.com/KompasKlasika/status/1599777123668963328,2022-12-05 14:46:03+00:00,KompasKlasika,"Rumah rusak yang terdaftar akibat gempa Cianjur mencapai 42.033 unit. Namun, yang bakal mendapatkan bantuan baru 8.300 rumah. Pemerintah meminta para penyintas untuk bersabar karena masih dalam pendataan. #Nusantara #AdadiKompas
https://t.co/YCy1QMlPT9"
152,https://twitter.com/tempodotco/status/1599776140415336448,2022-12-05 14:42:08+00:00,tempodotco,Pemerintah Akan Bangun Kembali 1.800 Rumah Korban Gempa Cianjur https://t.co/qOV9Pqq4ro #TempoBisnis
153,https://twitter.com/hariankompas/status/1599773295771090946,2022-12-05 14:30:50+00:00,hariankompas,"Rumah rusak yang terdaftar akibat gempa Cianjur mencapai 42.033 unit. Namun, yang bakal mendapatkan bantuan baru 8.300 rumah. Pemerintah meminta para penyintas untuk bersabar karena masih dalam pendataan. #Nusantara #AdadiKompas
https://t.co/kqz9XCF7aO"
154,https://twitter.com/AuisGrand/status/1599771930466230273,2022-12-05 14:25:25+00:00,AuisGrand,"Rumah rusak yang terdaftar akibat gempa Cianjur mencapai 42.033 unit. Namun, yang bakal mendapatkan bantuan baru 8.300 rumah. Pemerintah meminta para penyintas untuk bersabar karena masih dalam pendataan. #Nusantara #AdadiKompas
https://t.co/KhHR4936eK"
155,https://twitter.com/ayi_ayiujang/status/1599754153592774658,2022-12-05 13:14:46+00:00,ayi_ayiujang,"@jokowi Semoga semua niat baik pemerintah unt menunaikan kewajibannya memberikan pelayanan kpd rakyat terdampak musibah gempa bumi di Cianjur dn tempat2 lainnya dpt sgra terwujud sesuai harapan kita semua, aamiin yra."
156,https://twitter.com/Ghee_Thok/status/1599751358617640960,2022-12-05 13:03:40+00:00,Ghee_Thok,Rumah tahan gempa akan dibangun pemerintah di tempat relokasi warga korban gempa Cianjur https://t.co/vDZl38On7e
157,https://twitter.com/terkinidotid/status/1599747802929991683,2022-12-05 12:49:32+00:00,terkinidotid,"Pemprov Sulsel Serahkan Bantuan Rp500 Juta untuk Korban Gempa di Cianjur: Pemerintah Provinsi Sulawesi Selatan (Pemprov Sulsel) menyerahkan bantuan untuk korban gempa di Cianjur, Jawa‚Ä¶ https://t.co/Jm8prO6TiF #Sulsel #PemprovSulsel #bantuanuntukkorbangempacianjur #bpbdsulsel"
158,https://twitter.com/tribunnewswiki/status/1599743889677910016,2022-12-05 12:33:59+00:00,tribunnewswiki,"Pemerintah Kabupaten Cianjur melaporkan, jumlah korban meninggal dari gempa bumi di Cianjur, Jawa Barat, mencapai 334 jiwa per Senin (5/12/2022). Artinya, hasil pencarian korban hilang belum membuahkan hasil.

https://t.co/77QxYUo8r2"
159,https://twitter.com/gendhis_ayoe/status/1599741324676460545,2022-12-05 12:23:48+00:00,gendhis_ayoe,"Presiden Joko Widodo meninjau langsung progres pembangunan rumah tahan gempa di Desa Sirnagalih, Kecamatan Cilaku, Kabupaten Cianjur, pada Senin, 5 Desember 2022.
Selain di lokasi tersebut, pemerintah juga menyiapkan pembangunan 1.600 rumah serupa di lokasi lainnya. https://t.co/VmIkj494ZX"
160,https://twitter.com/yulkurniawati/status/1599726384645308417,2022-12-05 11:24:26+00:00,yulkurniawati,"MMC &amp; ISN : Update Gempa Cianjur | MMC News

Gempa Cianjur menyisakan duka yang mendalam. Ratusan ribu masyarakat Cianjur harus mengungsi. Sementara bantuan dari pemerintah belum merata. Masih banyak tenda pengungsian yang jauh dari layak. 

https://t.co/eL2X7ybYt5 https://t.co/5RSc9Y5koT"
161,https://twitter.com/_Rizmaya__/status/1599725788672425984,2022-12-05 11:22:04+00:00,_Rizmaya__,"Pemerintah membangun 200 rumah tahan gempa untuk tahap pertama bagi warga terdampak gempa Cianjur, Jawa Barat.

Presiden @jokowi telah meninjau langsung progres pembangunan yang berlokasi di Desa Sirnagalih, Kecamatan Cilaku, Kabupaten Cianjur, Jawa Barat

https://t.co/oxH5k8wlXY"
162,https://twitter.com/IniBalikpapaner/status/1599723025053761536,2022-12-05 11:11:05+00:00,IniBalikpapaner,"200 Unit Rumah Tahan Gempa Dibangun Pemerintah untuk Warga Cianjur Terdampak, Menyusul 1.600¬†Unit https://t.co/28ezXPTLma"
163,https://twitter.com/Syifa58509883/status/1599721697737080832,2022-12-05 11:05:48+00:00,Syifa58509883,"MMC &amp; ISN : Update Gempa Cianjur | MMC News

Gempa Cianjur menyisakan duka yang mendalam. Ratusan ribu masyarakat Cianjur harus mengungsi. Sementara bantuan dari pemerintah belum merata. Masih banyak tenda pengungsian yang jauh dari layak. 

https://t.co/2xqi2DveWL https://t.co/WXGvH2SBmx"
164,https://twitter.com/AuisGrand/status/1599719065597095936,2022-12-05 10:55:21+00:00,AuisGrand,"Pemerintah menyiapkan lahan relokasi beserta bangunan tahan gempa untuk penyintas gempa di Kabupaten Cianjur, Jawa Barat. Warga yang rumahnya terdampak juga akan menerima bantuan renovasi. #Nusantara #AdadiKompas
https://t.co/4thIK7mP4u"
165,https://twitter.com/KompasKlasika/status/1599716715150987264,2022-12-05 10:46:00+00:00,KompasKlasika,"Pemerintah menyiapkan lahan relokasi beserta bangunan tahan gempa untuk penyintas gempa di Kabupaten Cianjur, Jawa Barat. Warga yang rumahnya terdampak juga akan menerima bantuan renovasi. #Nusantara #AdadiKompas
https://t.co/imZGTCVGKn"
166,https://twitter.com/pemkabpnd/status/1599715174164082688,2022-12-05 10:39:53+00:00,pemkabpnd,"Bupati Pangandaran Sambangi  Posko Pengungsian Gempa Cianjur dan Tinjau Dapur Umum Tagana Kabupaten Pangandaran.

#pangandaranjuara https://t.co/cgJfx26pIr"
167,https://twitter.com/hariankompas/status/1599712883402752000,2022-12-05 10:30:47+00:00,hariankompas,"Pemerintah menyiapkan lahan relokasi beserta bangunan tahan gempa untuk penyintas gempa di Kabupaten Cianjur, Jawa Barat. Warga yang rumahnya terdampak juga akan menerima bantuan renovasi. #Nusantara #AdadiKompas
https://t.co/7zPCDgdpCB"
168,https://twitter.com/infocianjur/status/1599704676123152385,2022-12-05 09:58:10+00:00,infocianjur,"JNE @jne_id serahkan 3,2 Ton bantuan korban bencana
Cianjur kepada Pemerintah Daerah Cianjur (3/12/22).
#JNE #Connectinghappiness #PrayForCianjur #InfoCianjur #gempacianjur
https://t.co/TuCdni7hbp"
169,https://twitter.com/tempodotco/status/1599700650589552640,2022-12-05 09:42:10+00:00,tempodotco,"Setelah 200 rumah tahan gempa di Desa Sirnagalih, pemerintah juga akan melakukan 1.600 pembangunan serupa di lokasi lain yang diperuntukkan bagi korban gempa Cianjur. #TempoNasional https://t.co/ADeWS66NFK"
170,https://twitter.com/beritainspirat1/status/1599698792882008065,2022-12-05 09:34:47+00:00,beritainspirat1,pemerintah-bangun-200-unit-rumah-tahan-gempa-di-cilaku-cianjur https://t.co/wf7PCuCB99
171,https://twitter.com/rsaupwr/status/1599698174343618560,2022-12-05 09:32:20+00:00,rsaupwr,Pemerintah Bangun 200 Rumah Tahan Gempa di Cianjur untuk Tahap Pertama https://t.co/kqTbehfCln
172,https://twitter.com/cianjurekspres/status/1599693945784918017,2022-12-05 09:15:32+00:00,cianjurekspres,"Korban gempa Cianjur penerima manfaat rumah anti gempa di lokasi relokasi Desa Sirnagalih, Kecamatan Cilaku, mengaku dilema dan meminta pemerintah mempertimbangkan aspek mata pencaharian bagi warga yang direlokasi.
https://t.co/wQfUOTBWpK"
173,https://twitter.com/Yesi_Sifa/status/1599692859904385024,2022-12-05 09:11:13+00:00,Yesi_Sifa,"MMC &amp; ISN : Update Gempa Cianjur

Gempa Cianjur menyisakan duka yang mendalam. Ratusan ribu masyarakat Cianjur harus mengungsi. Sementara bantuan dari pemerintah belum merata. Masih banyak tenda pengungsian yang jauh dari layak. 

https://t.co/Bqs4ubzbPC"
174,https://twitter.com/indagjabar/status/1599692207509762048,2022-12-05 09:08:37+00:00,indagjabar,"Pemerintah Provinsi Jawa Barat terus memantau perkembangan penanggulangan bencana gempa bumi di Kabupaten Cianjur.

Kampung Pawati, Desa Mekarjaya, Kecamatan Mande merupakan salah satu daerah yang terdampak cukup parah. 

#indagpedulicianjur #disperindagjabar https://t.co/BWlwqIxoin"
175,https://twitter.com/Stevaniehuangg/status/1599683770470522882,2022-12-05 08:35:06+00:00,Stevaniehuangg,"Utk lahan Huntara dan Mushola juga MCK kita Sewa Ke warga Setahun .. insyaa Allah sambil menunggu bantuan perbaikan dari pemerintah jd Warga sementara akan tinggal disini dulu .. 

Semangat 

#Relawan
#GempaCianjur
#WeComeWithLove
#SahabatSubuh"
176,https://twitter.com/medcom_id/status/1599683100191395840,2022-12-05 08:32:26+00:00,medcom_id,"Sejumlah warga yang terdampak gempa Cianjur di Kampung Gunung Lanjung Dua, Desa Cijedil, Kecamatan Cugenang, Cianjur, mengaku belum menerima dana kompensasi yang diberikan oleh pemerintah daerah maupun pemerintah pusat

#MedcomID 

https://t.co/LhriTM3TqY"
177,https://twitter.com/WarasBareng/status/1599682284176785408,2022-12-05 08:29:11+00:00,WarasBareng,"#RT @jokowi: Meninjau Desa Sirnagalih, Kec. Cilaku, Kab. Cianjur, yang jadi salah satu lokasi tempat relokasi bagi warga terdampak gempa. Di lahan seluas 2,5 ha, akan dibangun 200 rumah tahan gempa.

Selain di lokasi ini, pemerintah juga hendak membangun‚Ä¶ https://t.co/hhb1HtvwwU"
178,https://twitter.com/gpnasdempapua/status/1599679332091412480,2022-12-05 08:17:28+00:00,gpnasdempapua,"RT @jokowi: Meninjau Desa Sirnagalih, Kec. Cilaku, Kab. Cianjur, yang jadi salah satu lokasi tempat relokasi bagi warga terdampak gempa. Di lahan seluas 2,5 ha, akan dibangun 200 rumah tahan gempa.

Selain di lokasi ini, pemerintah juga hendak membangun ‚Ä¶ https://t.co/jjNnXCo6d7"
179,https://twitter.com/AlySangadji/status/1599678227982815232,2022-12-05 08:13:04+00:00,AlySangadji,"jokowi: Meninjau Desa Sirnagalih, Kec. Cilaku, Kab. Cianjur, yang jadi salah satu lokasi tempat relokasi bagi warga terdampak gempa. Di lahan seluas 2,5 ha, akan dibangun 200 rumah tahan gempa.

Selain di lokasi ini, pemerintah juga hendak membangun 1.60‚Ä¶ https://t.co/j5y8IIqLL4"
180,https://twitter.com/portal_lebak/status/1599675704727465985,2022-12-05 08:03:03+00:00,portal_lebak,"Hunian Tetap Korban Gempa Cianjur Disiapkan Pemerintah, 200 Huntap Bagian Relokasi Tahap Pertama https://t.co/sosaUeJMYP"
181,https://twitter.com/idntimes/status/1599673853093216256,2022-12-05 07:55:41+00:00,idntimes,"Pemerintah terpaksa harus merelokasi tempat tinggal sejumlah warga yang terdampak gempa bumi di Cianjur, Jawa Barat. Presiden Jokowi mengatakan, pembangunan rumah relokasi itu dimulai hari ini, Senin (5/12/2022). https://t.co/CfUn3VcHQr https://t.co/dgSzu9u6sK"
182,https://twitter.com/liputan6dotcom/status/1599672188092973059,2022-12-05 07:49:04+00:00,liputan6dotcom,"Pemerintah Bangun 200 Rumah Tahan Gempa di Cianjur, Target Rampung Januari 2023 https://t.co/W7eM4RU3OC"
183,https://twitter.com/bara_juang/status/1599671941589262339,2022-12-05 07:48:05+00:00,bara_juang,"RT jokowi ""Meninjau Desa Sirnagalih, Kec. Cilaku, Kab. Cianjur, yang jadi salah satu lokasi tempat relokasi bagi warga terdampak gempa. Di lahan seluas 2,5 ha, akan dibangun 200 rumah tahan gempa.

Selain di lokasi ini, pemerintah juga hendak membang‚Ä¶ https://t.co/bzDmXjzkQS"""
184,https://twitter.com/jokowi/status/1599671312443588614,2022-12-05 07:45:35+00:00,jokowi,"Meninjau Desa Sirnagalih, Kec. Cilaku, Kab. Cianjur, yang jadi salah satu lokasi tempat relokasi bagi warga terdampak gempa. Di lahan seluas 2,5 ha, akan dibangun 200 rumah tahan gempa.

Selain di lokasi ini, pemerintah juga hendak membangun 1.600 rumah serupa di lokasi lainnya. https://t.co/fRvu7X35v6"
185,https://twitter.com/IntanAyuArimbi/status/1599669667404320768,2022-12-05 07:39:03+00:00,IntanAyuArimbi,"Pemerintah mendistribusikan sarana dan prasarana air bersih, serta sanitasi untuk membantu para pengungsi terjadinya musibah gempa alam Cianjur Jawa Barat. https://t.co/HZi1WVxzoF"
186,https://twitter.com/tvOneNews/status/1599663749178265601,2022-12-05 07:15:32+00:00,tvOneNews,Pemerintah Mulai Bangun Hunian Tetap Untuk Korban Gempa Cianjur https://t.co/iUN01a49eH
187,https://twitter.com/alineadotid/status/1599657347747483648,2022-12-05 06:50:06+00:00,alineadotid,"Pemerintah segera rehabilitasi fasilitas umum terdampak gempa Cianjur
https://t.co/9HNmFMG9hQ https://t.co/tw2TlD0nap"
188,https://twitter.com/Fadlin10247517/status/1599654301282234369,2022-12-05 06:38:00+00:00,Fadlin10247517,"MMC &amp; ISN : Update Gempa Cianjur

Gempa Cianjur menyisakan duka yang mendalam. Ratusan ribu masyarakat Cianjur harus mengungsi. Sementara bantuan dari pemerintah belum merata. Masih banyak tenda pengungsian yang jauh dari layak."
189,https://twitter.com/jubirtvofficial/status/1599652037087879169,2022-12-05 06:29:00+00:00,jubirtvofficial,"PEDULI GEMPA CIANJUR, PEMERINTAH DESA CITEPUS &amp; KOMUNITAS PEDULI BENCANA... https://t.co/LZtBUWSjOx lewat @YouTube"
190,https://twitter.com/HestiBambang/status/1599648573330960384,2022-12-05 06:15:14+00:00,HestiBambang,"Baik jika Pemerintah sgr bayarkan Rapelan Kenaikan Gaji PNS-TNI-Polri-Pensiunan sesuai PP No.15 th 2019 yg akan dirapel bln Januari s/d Desember 2022, lalu donasikan utk Huntara RISHA korban gempa Cianjur Rp 50 rb/org, terkumpul Rp 400 M utk bangun 8000 rumah RISHA. Ikhlas kok! https://t.co/BUYDiXF4zX"
191,https://twitter.com/idntimes/status/1599644764265381889,2022-12-05 06:00:06+00:00,idntimes,Pemerintah Bangun 1.600 Rumah Tahan Gempa di Cianjur https://t.co/rSvVz9Fsob
192,https://twitter.com/Infonawacita1/status/1599641800079298560,2022-12-05 05:48:19+00:00,Infonawacita1,"CIANJUR - Partai Golkar terus melakukan dukungan agar rehabilitasi dan rekontruksi infrastruktur pasca gempa Cianjur bisa terus diupayakan dengan lebih cepat oleh pemerintah.
Termasuk memberikan dayadukung agar warga terdampak bisa terhindar dari

https://t.co/Fmf3HlAQGS https://t.co/IppwtrFmGq"
193,https://twitter.com/AmyLong82097486/status/1599635614122770433,2022-12-05 05:23:44+00:00,AmyLong82097486,"Bangun sumur bor, pemerintah memasok 10.000 liter air bersih per hari untuk korban gempa Cianjur.  #EkonomiNKRIMasihKuat #IndonesiaAntiResesi #SebelumGojek Senin Semeru https://t.co/leV46d1wqO"
194,https://twitter.com/wluxqddzrwdba/status/1599634424303583241,2022-12-05 05:19:01+00:00,wluxqddzrwdba,Pemerintah sebut pembangunan rumah korban gempa cianjur tuntas sebelum lebaran. #EkonomiNKRIMasihKuat #IndonesiaAntiResesi #SebelumGojek Senin Semeru https://t.co/rezyPOZRDX
195,https://twitter.com/Fbinews7/status/1599633709875200001,2022-12-05 05:16:10+00:00,Fbinews7,"Pasca Gempa Cianjur, Pemerintah Siapkan 200 Huntap untuk Relokasi Tahab Pertama Korban Terdampak ‚Üí https://t.co/5UaZoLLr6t"
196,https://twitter.com/TirtoID/status/1599625863988797440,2022-12-05 04:45:00+00:00,TirtoID,"Sekda Pemerintah Kabupaten Cianjur, Cecep S Alamsyah melaporkan donasi yang terkumpul untuk korban gempa bumi lebih dari Rp11 miliar. 

Bantuan itu berasal dari ratusan donatur.

https://t.co/NjzPvlDaIL"
197,https://twitter.com/MiriamLiriano10/status/1599617041866305536,2022-12-05 04:09:56+00:00,MiriamLiriano10,"Bangun sumur bor, pemerintah memasok 10.000 liter air bersih per hari untuk korban gempa Cianjur.  #EkonomiNKRIMasihKuat #IndonesiaAntiResesi #SebelumGojek Senin Semeru https://t.co/C4rFTCCeMI"
198,https://twitter.com/CNNIDdaily/status/1599616442051092481,2022-12-05 04:07:33+00:00,CNNIDdaily,"Pemkab Cianjur telah mengajukan anggaran kepada Kemenkeu melalui BNPB untuk memberikan bantuan kepada rumah yang rusak ringan, rusak sedang dan rusak berat, akibat gempa. Jika telah disetujui pemerintah, maka proses rehabilitasi bisa segera dimulai. https://t.co/ns6OyEyJew https://t.co/vPqnUT2je8"
199,https://twitter.com/aylyrqioosizu/status/1599615859735293952,2022-12-05 04:05:15+00:00,aylyrqioosizu,Pemerintah menargetkan pembangunan rumah warga yang rusak para akibat gempa Cianjur selesai sebelum lebaran 2023. #EkonomiNKRIMasihKuat #IndonesiaAntiResesi #SebelumGojek Senin Semeru https://t.co/ytD462kKWD
200,https://twitter.com/posmetro_padang/status/1599613182477205504,2022-12-05 03:54:36+00:00,posmetro_padang,"Pemerintah Targetkan Rumah Korban Gempa Cianjur, Rampung Sebelum¬†Lebaran https://t.co/ap5gNEU2QL"
201,https://twitter.com/memekicau/status/1599601958528372736,2022-12-05 03:10:00+00:00,memekicau,"BIN bergerak sebagai garda terdepan membantu pemerintah  salurkan bantuan untuk korban gempa Cianjur 

#BINResponCepatBencanaAlam
#BINPeduliKorbanBencana
#BINTurutBerdukaGempaCianjur
#BINHadirCepatUntukRakyat
#BINPeduliSesama https://t.co/CLEVCcwWF0"
202,https://twitter.com/cipit30/status/1599592112114511872,2022-12-05 02:30:53+00:00,cipit30,"#TerusBerikanManfaat
MelindungiDariBencana, pemerintah tak pernah lepas tangan dan akan selalu memberikan dan membantu kebutuhan masyarakat korban Gempa Cianjur https://t.co/uY3R3wkywB"
203,https://twitter.com/prokopimpnd/status/1599583198836846593,2022-12-05 01:55:28+00:00,prokopimpnd,"Pasca gempa tersebut Kabupaten Pangandaran telah mendirikan dapur umum tanggap siaga bencana, untuk membantu kebutuhan konsumsi para korban. Bupati Pangandaran juga pada kesempatan ini menyerahkan bantuan logistik kepada Pemerintah Kabupaten Cianjur."
204,https://twitter.com/bulbul28009462/status/1599555279355785216,2022-12-05 00:04:31+00:00,bulbul28009462,"Pemerintah menargetkan pembangunan rumah warga yang rusak parah atau runtuh akibat gempa Cianjur, Jawa Barat, selesai sebelum Lebaran 2023 #UpayaPerkuatEkonomiRI #AwasPropkasiKUHP https://t.co/3GlkWDC99B"
205,https://twitter.com/fatihhak1m/status/1599554277407498241,2022-12-05 00:00:32+00:00,fatihhak1m,"Pemerintah menargetkan pembangunan rumah warga yang rusak parah atau runtuh akibat gempa Cianjur, Jawa Barat, selesai sebelum Lebaran 2023, semoga sukses semua #UpayaPerkuatEkonomiRI #AwasPropkasiKUHP https://t.co/dq0EmDqk1B"
206,https://twitter.com/cocolaide/status/1599554147946209287,2022-12-05 00:00:01+00:00,cocolaide,"Pemerintah pun juga menargetkan mengenai pembangunan kembali rumah warga yang rusak parah atau runtuh akibat gempa Cianjur, Jawa Barat, selesai sebelum Lebaran 2023 #UpayaPerkuatEkonomiRI #AwasPropkasiKUHP https://t.co/il6HyzdIbj"
207,https://twitter.com/Eubila1/status/1599554146226544641,2022-12-05 00:00:01+00:00,Eubila1,Pemerintah Sebut Pembangunan Rumah Korban Gempa Cianjur Tuntas Sebelum Lebaran #UpayaPerkuatEkonomiRI #UtangTerkendali https://t.co/u8IFaOjl8d
208,https://twitter.com/ferdiansahkur/status/1599554143651143680,2022-12-05 00:00:00+00:00,ferdiansahkur,"Bangun Sumur Bor, Pemerintah Pasok 10.000 Liter Air Bersih per Hari untuk Korban Gempa Cianjur #UpayaPerkuatEkonomiRI #UtangTerkendali https://t.co/Q2LaaBOa51"
209,https://twitter.com/KeceJomblo/status/1599554141180678144,2022-12-05 00:00:00+00:00,KeceJomblo,Pemerintah Sebut Pembangunan Rumah Korban Gempa Cianjur Tuntas Sebelum Lebaran #UpayaPerkuatEkonomiRI #UtangTerkendali
210,https://twitter.com/KasanMulyono/status/1599546919864266753,2022-12-04 23:31:18+00:00,KasanMulyono,Pemerintah tambah distribusi air bersih untuk atasi diare dan gatal-gatal pengungsi korban gempa Cianjur - Jakarta Insider https://t.co/dIwsmMCCPC
211,https://twitter.com/ekanurinsani/status/1599535409683628032,2022-12-04 22:45:34+00:00,ekanurinsani,"Cermin dari gempa Cianjur: pemerintah punya peta kegempaan tapi tak punya peta operasi mitigasi gempa
https://t.co/D9P0l06l9v"
212,https://twitter.com/StickNote5/status/1599511617825574912,2022-12-04 21:11:01+00:00,StickNote5,"MMC &amp; ISN : Update Gempa Cianjur

Gempa Cianjur menyisakan duka yang mendalam. Ratusan ribu masyarakat Cianjur harus mengungsi. Sementara bantuan dari pemerintah belum merata. 
https://t.co/a7dD1L88Q4

#IslamKaffah https://t.co/t4LrJkCcPp"
213,https://twitter.com/andriani_linsa/status/1599500233750507521,2022-12-04 20:25:47+00:00,andriani_linsa,"MMC &amp; ISN : Update Gempa Cianjur

Gempa Cianjur menyisakan duka yang mendalam. Ratusan ribu masyarakat Cianjur harus mengungsi. Sementara bantuan dari pemerintah belum merata. Masih banyak tenda pengungsian...

https://t.co/smrlnBQHG7

Jangan lupa share seluas-luasnya yaa https://t.co/LVg5HrZRl3"
214,https://twitter.com/yulisukau/status/1599452534934208514,2022-12-04 17:16:15+00:00,yulisukau,"MMC &amp; ISN : Update Gempa Cianjur

Gempa Cianjur menyisakan duka yang mendalam. Ratusan ribu masyarakat Cianjur harus mengungsi. Sementara bantuan dari pemerintah belum merata. Masih banyak tenda pengungsian yang jauh dari layak. 

https://t.co/MAWn2YnHDg https://t.co/8uCAp42GzT"
215,https://twitter.com/WiwidYusuf/status/1599434289317568512,2022-12-04 16:03:45+00:00,WiwidYusuf,"MMC &amp; ISN : Update Gempa Cianjur

Gempa Cianjur menyisakan duka yang mendalam. Ratusan ribu masyarakat Cianjur harus mengungsi. Sementara bantuan dari pemerintah belum merata. Masih banyak tenda pengungsian yang jauh dari layak. Simak update 

https://t.co/ZCGwVVz6xR https://t.co/qbJQaPeFv3"
216,https://twitter.com/Chef212Moeslim/status/1599431953853591553,2022-12-04 15:54:28+00:00,Chef212Moeslim,"@t_ardhoo @YRadianto La emang iye buat gempa Cianjur. Maslahnya, kenapa hrs ngutak-ngatik dana mesjid. Sdh banyak pihak maupun ormas yg bantu.. 
Klo urusan duit, mesjid yg notabene dr umat Islam matanya pada ijo. Biar pemerintah dan pata pejabat suruh nyumbang, potong gaji tw tnjngan kek
Kan gede tuh"
217,https://twitter.com/tia_ummufathin/status/1599419938221215745,2022-12-04 15:06:43+00:00,tia_ummufathin,Gempa Cianjur menyisakan duka yang mendalam. Ratusan ribu masyarakat Cianjur harus mengungsi. Sementara bantuan dari pemerintah belum merata. Masih banyak tenda pengungsian yang jauh dari layak. Simak update gempa Cianjur selengkapnya di channel MMC https://t.co/PFL75oy5v7
218,https://twitter.com/AcoyBk/status/1599416522757509121,2022-12-04 14:53:09+00:00,AcoyBk,"* erupsi gunung Semeru
* gempa Garut
* Gempa Cianjur
* Pembunuhan massal @gigal akut
"" tragedi kemanusiaan kanjuruhan Malang
"" kemiskinan
* krisis
* ancaman resesi global
* utang pemerintah yang sudah tembus lebih 7000 triliun+ utangan pinjaman baru"
219,https://twitter.com/MimiNizam15/status/1599395093370535936,2022-12-04 13:28:00+00:00,MimiNizam15,"MMC &amp; ISN : Update Gempa Cianjur

Gempa Cianjur menyisakan duka yang mendalam. Ratusan ribu masyarakat Cianjur harus mengungsi. Sementara bantuan dari pemerintah belum merata. Masih banyak tenda pengungsian yang jauh dari layak. Simak update gempa Cianjur selengkapnya dalam vid https://t.co/M8uYNhCIeU"
220,https://twitter.com/mkj_inews/status/1599393890406400001,2022-12-04 13:23:13+00:00,mkj_inews,Pemerintah Desa Gasol Kecamatan Cugenang Menerima Batuan Korban Gempa Cianjur Dari Pemerintah Desa Sukanagara Kecamatan Cikupa https://t.co/v0gzrQPQw8
221,https://twitter.com/Syifa58509883/status/1599393761507028992,2022-12-04 13:22:42+00:00,Syifa58509883,"MMC &amp; ISN : Update Gempa Cianjur

Gempa Cianjur menyisakan duka yang mendalam. Ratusan ribu masyarakat Cianjur harus mengungsi. Sementara bantuan dari pemerintah belum merata. Masih banyak tenda pengungsian yang jauh dari layak. 

https://t.co/LOnMyz6r3c https://t.co/GmxB6OXPwi"
222,https://twitter.com/Hanifah76661201/status/1599392154161270785,2022-12-04 13:16:19+00:00,Hanifah76661201,"Gempa Cianjur menyisakan duka yang mendalam. Ratusan ribu masyarakat Cianjur harus mengungsi. Sementara bantuan dari pemerintah belum merata. Masih banyak tenda pengungsian yang jauh dari layak. Simak update gempa Cianjur selengkapnya di MMC
https://t.co/B78Uk3MSep https://t.co/qdtTHcqqtu"
223,https://twitter.com/IsmalijahIskan/status/1599386657769545731,2022-12-04 12:54:29+00:00,IsmalijahIskan,Gempa Cianjur menyisakan duka yang mendalam. Ratusan ribu masyarakat Cianjur harus mengungsi. Sementara bantuan dari pemerintah belum merata. Masih banyak tenda pengungsian yang jauh dari layak. Simak update gempa Cianjur selengkapnya di channel MMC. https://t.co/IzibxV434a
224,https://twitter.com/UmmuAcid/status/1599375296146595840,2022-12-04 12:09:20+00:00,UmmuAcid,"Gempa Cianjur menyisakan duka yang mendalam. Ratusan ribu masyarakat Cianjur harus mengungsi. Sementara bantuan dari pemerintah belum merata. Masih banyak tenda pengungsian yang jauh dari layak. Simak update gempa Cianjur selengkapnya 

https://t.co/IuOoGX5EF8 https://t.co/kcUKfzP7aX"
225,https://twitter.com/yulkurniawati/status/1599373591275241472,2022-12-04 12:02:33+00:00,yulkurniawati,"MMC &amp; ISN : Update Gempa Cianjur

Gempa Cianjur menyisakan duka yang mendalam. Ratusan ribu masyarakat Cianjur harus mengungsi. Sementara bantuan dari pemerintah belum merata. Masih banyak tenda pengungsian yang jauh dari layak. 

https://t.co/eL2X7ybYt5 https://t.co/EU6gSUev7F"
226,https://twitter.com/izhy_fly/status/1599373197937627137,2022-12-04 12:00:59+00:00,izhy_fly,"Penanganan korban jadi prioritas utama, Puan Maharani meminta pemerintah agar proses tanggap darurat gempa Cianjur harus dilakukan dengan sebaik mungkin. https://t.co/uvqwIyswaI"
227,https://twitter.com/zalva1924/status/1599370092693057538,2022-12-04 11:48:39+00:00,zalva1924,"MMC &amp; ISN : Update Gempa Cianjur

Gempa Cianjur menyisakan duka yang mendalam. Ratusan ribu masyarakat Cianjur harus mengungsi. Sementara bantuan dari pemerintah belum merata. Masih banyak tenda pengungsian yang jauh dari layak. Simak di

https://t.co/kNKs6wVMnb https://t.co/h4Ftu6O6DF"
228,https://twitter.com/sumaiyahsyahid1/status/1599369996144357376,2022-12-04 11:48:16+00:00,sumaiyahsyahid1,"#Mmcupdategempa
#Updategempacianjur

Gempa Cianjur menyisakan duka yang mendalam. Ratusan ribu masyarakat Cianjur harus mengungsi. Sementara bantuan dari pemerintah belum merata. Masih banyak tenda pengungsian yang jauh dari layak. Simak update gempa Cianjur selengkap di  MMC https://t.co/laLCzpwPCQ"
229,https://twitter.com/amalia59987761/status/1599369993636163584,2022-12-04 11:48:15+00:00,amalia59987761,"#Mmcupdategempa
#Updategempacianjur

Gempa Cianjur menyisakan duka yang mendalam. Ratusan ribu masyarakat Cianjur harus mengungsi. Sementara bantuan dari pemerintah belum merata. Masih banyak tenda pengungsian yang jauh dari layak. Simak update gempa Cianjur selengkap di  MMC https://t.co/Ur5CYtbxov"
230,https://twitter.com/MMC_IDN2/status/1599365011406999553,2022-12-04 11:28:28+00:00,MMC_IDN2,"MMC &amp; ISN : Update Gempa Cianjur

Gempa Cianjur menyisakan duka yang mendalam. Ratusan ribu masyarakat Cianjur harus mengungsi. Sementara bantuan dari pemerintah belum merata. Masih banyak tenda pengungsian yang jauh dari layak. 

https://t.co/8iiBC3wk7f https://t.co/K53GyLrODQ"
231,https://twitter.com/EpyIwang/status/1599364669231484928,2022-12-04 11:27:06+00:00,EpyIwang,"MMC &amp; ISN : Update Gempa Cianjur

Gempa Cianjur menyisakan duka yang mendalam. Ratusan ribu masyarakat Cianjur harus mengungsi. Sementara bantuan dari pemerintah belum merata. Masih banyak tenda pengungsian yang jauh dari layak. Simak update gempa ........
https://t.co/0xjhLy1HmL https://t.co/oT88NXogQU"
232,https://twitter.com/kusumaputri9899/status/1599345412699209729,2022-12-04 10:10:35+00:00,kusumaputri9899,"Pemerintah Siapkan 2,5 Hektar Lahan Untuk Pembangunan 200 Rumah Bagi Korban Bencana Gempa Cianjur
#JokowiPresidenku
#PembangunanUntukRakyat
#PresidenJokowiHebat
#JokowiMembangunNegeri
#JokowiMajuBersamaIndonesia
#JokowiBapakInfrastruktur https://t.co/G1SsmPg7hV"
233,https://twitter.com/diskomkabbekasi/status/1599336244764643328,2022-12-04 09:34:09+00:00,diskomkabbekasi,"BOJONGMANGU - Pemerintah Kecamatan Bojongmangu bersama sejumlah lembaga, organisasi dan elemen masyarakat memberikan bantuan untuk korban gempa Cianjur. https://t.co/ZX9Nw5tscP"
234,https://twitter.com/Ranger_pink21/status/1599325022631657473,2022-12-04 08:49:34+00:00,Ranger_pink21,"Terbaik, Pemerintah siapkan 2,5 Hektar Lahan untuk bangun 200 Rumah bagi korban gempa Cianjur. #JokowiPresidenku
#PembangunanUntukRakyat
#PresidenJokowiHebat
#JokowiMembangunNegeri
#JokowiMajuBersamaIndonesia
#JokowiBapakInfrastruktur https://t.co/fBObDd9nmf"
235,https://twitter.com/introvert_news/status/1599322594045566977,2022-12-04 08:39:55+00:00,introvert_news,Pemerintah: Rumah Korban Gempa Cianjur Selesai Sebelum April 2023  https://t.co/FLQMp17wGi
236,https://twitter.com/indomediaco/status/1599321271380377602,2022-12-04 08:34:39+00:00,indomediaco,"Memasuki hari ke-13 penanganan gempa bumi M5,6, Pemerintah Kabupaten Cianjur mengusulkan perpanjangan masa operasi pencarian selama tiga hari ke depan.
https://t.co/dKhLiBZA86"
237,https://twitter.com/suhendraratuco1/status/1599320813676953601,2022-12-04 08:32:50+00:00,suhendraratuco1,"Pemerintah siapkan 2,5 Hektar lahan untuk pembangunan 200 rumah bagi korban gempa cianjur #JokowiPresidenku
#PembangunanUntukRakyat
#PresidenJokowiHebat
#JokowiMembangunNegeri
#JokowiMajuBersamaIndonesia
#JokowiBapakInfrastruktur https://t.co/CtRdT7fHuI"
238,https://twitter.com/Gruputripardede/status/1599320769158598657,2022-12-04 08:32:39+00:00,Gruputripardede,"Pemerintah siapkan 2,5 Hektar lahan untuk pembangunan 200 rumah bagi korban gempa cianjur #JokowiPresidenku
#PembangunanUntukRakyat
#PresidenJokowiHebat
#JokowiMembangunNegeri
#JokowiMajuBersamaIndonesia
#JokowiBapakInfrastruktur https://t.co/Y3R76MUuk0"
239,https://twitter.com/rismasiregar884/status/1599320736275255296,2022-12-04 08:32:32+00:00,rismasiregar884,"Pemerintah siapkan 2,5 Hektar lahan untuk pembangunan 200 rumah bagi korban gempa cianjur #JokowiPresidenku
#PembangunanUntukRakyat
#PresidenJokowiHebat
#JokowiMembangunNegeri
#JokowiMajuBersamaIndonesia
#JokowiBapakInfrastruktur https://t.co/06Q2VoACwu"
240,https://twitter.com/Jarangpulangsi1/status/1599320698035765249,2022-12-04 08:32:23+00:00,Jarangpulangsi1,"Pemerintah siapkan 2,5 Hektar lahan untuk pembangunan 200 rumah bagi korban gempa cianjur #JokowiPresidenku
#PembangunanUntukRakyat
#PresidenJokowiHebat
#JokowiMembangunNegeri
#JokowiMajuBersamaIndonesia
#JokowiBapakInfrastruktur https://t.co/Q3jzA9vOFt"
241,https://twitter.com/JonoHutagalung/status/1599319544782356480,2022-12-04 08:27:48+00:00,JonoHutagalung,Pemerintah: Rumah Korban Gempa Cianjur Selesai Sebelum April 2023 https://t.co/BHmZ4sLNcw
242,https://twitter.com/DipaDuaLima/status/1599314088869478400,2022-12-04 08:06:07+00:00,DipaDuaLima,"Terbaik. pemerintah siapkan lahan untuk membantu korban gempa di Cianjur

#JokowiPresidenku
#PembangunanUntukRakyat
#PresidenJokowiHebat
#JokowiMembangunNegeri
#JokowiMajuBersamaIndonesia
#JokowiBapakInfrastruktur https://t.co/fLFw8kbxHA"
243,https://twitter.com/Mellagustin2/status/1599311457858244610,2022-12-04 07:55:39+00:00,Mellagustin2,"Pemerintah berupaya meminimalisir dampak gempa Cianjur

#JokowiPresidenku
#PembangunanUntukRakyat
#PresidenJokowiHebat
#JokowiMembangunNegeri
#JokowiMajuBersamaIndonesia
#JokowiBapakInfrastruktur https://t.co/vl7cTpznMC"
244,https://twitter.com/rinolando12/status/1599305796378333185,2022-12-04 07:33:10+00:00,rinolando12,"Pemerintah Siapkan 2,5 Hektar Lahan Untuk Pembangunan 200 Rumah Bagi Korban Bencana Gempa Cianjur
#JokowiPresidenku
#PembangunanUntukRakyat
#PresidenJokowiHebat
#JokowiMembangunNegeri
#JokowiMajuBersamaIndonesia
#JokowiBapakInfrastruktur https://t.co/siYWEEWWrW"
245,https://twitter.com/arginhasta/status/1599305357204942848,2022-12-04 07:31:25+00:00,arginhasta,"Pemerintah Siapkan 2,5 Hektare Lahan untuk Rumah Korban Gempa Cianjur
https://t.co/NqeJu0c27l"
246,https://twitter.com/MHRAI_Aulia/status/1599304115817177088,2022-12-04 07:26:29+00:00,MHRAI_Aulia,"Pemerintah siapkan 2.5 hektar lahan untuk pembangunan 200 rumah bagi korban bencana gempa Cianjur

#JokowiPresidenku
#PembangunanUntukRakyat
#PresidenJokowiHebat
#JokowiMembangunNegeri
#JokowiMajuBersamaIndonesia
#JokowiBapakInfrastruktur https://t.co/RENHBwN8n7"
247,https://twitter.com/rikywolf444/status/1599303149302710275,2022-12-04 07:22:39+00:00,rikywolf444,"Pemerintah siapkan lahan untuk pembangunan rumah bagi korban bencana gempa Cianjur. Pray for Cianjur!
#JokowiPresidenku
#PembangunanUntukRakyat
#PresidenJokowiHebat
#JokowiMembangunNegeri
#JokowiMajuBersamaIndonesia
#JokowiBapakInfrastruktur https://t.co/WakEvqV4mx"
248,https://twitter.com/Zyanpatra/status/1599302508777771010,2022-12-04 07:20:06+00:00,Zyanpatra,Pemerintah Targetkan Rumah Korban Gempa Cianjur Rampung Sebelum¬†Lebaran https://t.co/4gAqFsqfh8
249,https://twitter.com/diskominfo_grob/status/1599302240862621698,2022-12-04 07:19:02+00:00,diskominfo_grob,Pelepasan Pemberian Bantuan dari Pemerintah Kabupaten Grobogan Kepada Korban Gempa Bumi di Kabupaten Cianjur Prov Jawa Barat di Halaman Pendopo Kab. Grobogan. Semoga bermanfaat dan dapat meringankan beban para korban (04/12/2022). #sumarnigrobogan #groboganhebat #groboganbersemi https://t.co/dcARuOr0YE
250,https://twitter.com/jpnncom/status/1599300733391712256,2022-12-04 07:13:03+00:00,jpnncom,Pemerintah Targetkan Rumah Korban Gempa Cianjur Rampung Sebelum Lebaran #BasukiHadimuljono https://t.co/Uxy8t8nqfP
251,https://twitter.com/KompasProperti/status/1599298971486146561,2022-12-04 07:06:02+00:00,KompasProperti,"Bangun Huntap Bagi Korban Gempa Cianjur, Pemerintah Siapkan Lahan 32 Hektar https://t.co/AypHUSBkMG"
252,https://twitter.com/Ayunitahandaya2/status/1599297701698363393,2022-12-04 07:01:00+00:00,Ayunitahandaya2,"Terbaik! pemerintah siapkan 2,5 hektar lahan untuk pembangunan 200 rumah bagi korban bencana gempa Cianjur

#JokowiPresidenku
#PembangunanUntukRakyat
#PresidenJokowiHebat
#JokowiMembangunNegeri
#JokowiMajuBersamaIndonesia
#JokowiBapakInfrastruktur https://t.co/lcL5e1FN0P"
253,https://twitter.com/maryshelparaiso/status/1599296564039933958,2022-12-04 06:56:29+00:00,maryshelparaiso,"Terbaik, Pemerintah siapkan 2,5 Hektar Lahan untuk bangun 200 Rumah bagi korban gempa Cianjur. #JokowiPresidenku
#PembangunanUntukRakyat
#PresidenJokowiHebat
#JokowiMembangunNegeri
#JokowiMajuBersamaIndonesia
#JokowiBapakInfrastruktur https://t.co/cyE5yDI3W3"
254,https://twitter.com/antaranewskepri/status/1599296217355522048,2022-12-04 06:55:06+00:00,antaranewskepri,Pemerintah siapkan anggaran uang sewa rumah untuk korban gempa Cianjur https://t.co/3IhmRafZ4B https://t.co/QfJKuhpp2e
255,https://twitter.com/kitabis023/status/1599284924020043779,2022-12-04 06:10:13+00:00,kitabis023,"Respon cepat Pemerintah terhadap kejadian gempa Cianjur
#JokowiPresidenku
#PembangunanUntukRakyat
#PresidenJokowiHebat
#JokowiMembangunNegeri
#JokowiMajuBersamaIndonesia
#NKRIMajuBersamaJokowi https://t.co/aVhgfFxZV8"
256,https://twitter.com/GeaVeranda/status/1599274764560117766,2022-12-04 05:29:51+00:00,GeaVeranda,"@triyatni Pemerintah siapkan 2,5 hektar lahan untuk pembangunan 200 rumah bagi korban gempa Cianjur https://t.co/GJxV7cR73R"
257,https://twitter.com/oddositepro/status/1599272437497368577,2022-12-04 05:20:36+00:00,oddositepro,"Pemerintah siapkan 2,5 hektar lahan untuk pembangunan rumah bagi korban gempa cianjur #JokowiPresidenku
#PembangunanUntukRakyat
#PresidenJokowiHebat
#JokowiMembangunNegeri
#JokowiMajuBersamaIndonesia
#JokowiBapakInfrastruktur https://t.co/dqNi4hruKz"
258,https://twitter.com/merdekadotcom/status/1599269283888259072,2022-12-04 05:08:04+00:00,merdekadotcom,Pemerintah Bakal Bangun 2.400 Rumah untuk Warga Terdampak Gempa Cianjur https://t.co/xrlXNGt8lB
259,https://twitter.com/6589O/status/1599266075329196032,2022-12-04 04:55:19+00:00,6589O,"Penanganan korban jadi prioritas utama, Puan Maharani meminta pemerintah agar proses tanggap darurat gempa Cianjur harus dilakukan dengan sebaik mungkin. https://t.co/AEltxiyW31"
260,https://twitter.com/SeputariNews/status/1599207285502287873,2022-12-04 01:01:43+00:00,SeputariNews,"Pemerintah Kabupaten Cianjur meminta perpanjangan masa operasi pencarian selama tiga hari ke depan. AAS

Selengkapnya: https://t.co/VWv2CD20Wv

#RCTI #News #SeputariNews #Gempa #Cianjur #JawaBarat #Basarnas #Evakuasi #Korban https://t.co/dfi9wSGGy7"
261,https://twitter.com/hariankompas/status/1599206893897289728,2022-12-04 01:00:09+00:00,hariankompas,"Pemerintah Kabupaten Cianjur dan Basarnas memperpanjang kembali waktu pencarian korban gempa hingga Selasa mendatang. Pemkab juga terus menyiapkan lahan relokasi bagi penyintas gempa yang lahannya tidak bisa dihuni lagi.

https://t.co/UluXMbcY8s

#Nusantara #AdadiKompas"
262,https://twitter.com/joni_member/status/1599166012494315521,2022-12-03 22:17:43+00:00,joni_member,"@cinooooot @infoBMKG 3 th lalu bmkg udah peringatan ancaman gempa megathrust 8,7-9 di selat sunda ,tahun sekarang udah sering gempa khususnya di daerah jawa barat deket pantai selatan, cianjur, tasik, sukabumi jabodetabek, semoga pemerintah kasih peringatan resmi dan pelatihan simulasi gempa"
263,https://twitter.com/KoranNTBcom/status/1599077018447929345,2022-12-03 16:24:05+00:00,KoranNTBcom,"Pemprov NTB Kirim Produk Lokal untuk Korban Gempa Cianjur: https://t.co/6LhQoAjAmc ‚Äì Pemerintah Provinsi NTB mengirim produk lokal milik NTB untuk korban gempa Cianjur, Jawa Barat. Bantuan tersebut bersumber dari 

The post Pemprov NTB Kirim Produk Lokal‚Ä¶ https://t.co/f0ksiJaoWt https://t.co/iSVYB9EtPn"
264,https://twitter.com/ervin_larasati/status/1599076177565868032,2022-12-03 16:20:44+00:00,ervin_larasati,"Penanganan korban jadi prioritas utama, Puan Maharani meminta pemerintah agar proses tanggap darurat gempa Cianjur harus dilakukan dengan sebaik mungkin. https://t.co/818soxKyZ2"
265,https://twitter.com/mkj_inews/status/1599075099315167233,2022-12-03 16:16:27+00:00,mkj_inews,"Pemerintah Desa Sukanagara Kecamatan Cikupa Akan Terjun Langsung Ke Lokasi Memberi Bantuan Korban Gempa Cianjur https://t.co/tCcPSO234s ,"
266,https://twitter.com/mkj_inews/status/1599075012212043777,2022-12-03 16:16:06+00:00,mkj_inews,Pemerintah Desa Sukanagara Kecamatan Cikupa Akan Terjun Langsung Ke Lokasi Memberi Bantuan Korban Gempa Cianjur https://t.co/tCcPSO234s
267,https://twitter.com/voidotid/status/1599066513566158849,2022-12-03 15:42:20+00:00,voidotid,"Pemerintah Kabupaten Cianjur, Jawa Barat menyiapkan anggaran sebesar Rp500 ribu per kepala keluarga (kk) korban gempa bumi untuk menyewa rumah, agar tidak berlama-lama tinggal... https://t.co/f7nTknjJFP"
268,https://twitter.com/voidotid/status/1599056180458192896,2022-12-03 15:01:17+00:00,voidotid,"Pemerintah Kabupaten Cianjur, Jawa Barat sudah mengusulkan ke Basarnas untuk memperpanjang lagi proses pencarian korban hilang akibat bencana gempa bumi di Cugenang, Cianjur selama... https://t.co/BQV2Hqx5Rc"
269,https://twitter.com/MelindaST3/status/1599046847074652161,2022-12-03 14:24:11+00:00,MelindaST3,"Gempa Cianjur Sampai Kapan Rakyat Harus Tinggal di Pengungsian | MMC News

Gempa Cianjur menyisakan duka yang mendalam. Ratusan ribu masy Cianjur hrs mengungsi. Sementara bantuan dari pemerintah belum merata. Msh byk tenda pengungsian yg jauh dr layak. 

https://t.co/0kTbvzjYef"
270,https://twitter.com/Jaleesasasa/status/1599043436023230466,2022-12-03 14:10:38+00:00,Jaleesasasa,"Penanganan korban jadi prioritas utama, Puan Maharani meminta pemerintah agar proses tanggap darurat gempa Cianjur harus dilakukan dengan sebaik mungkin. https://t.co/kj6m0JPGMc"
271,https://twitter.com/SatgasCitarum/status/1599039985474105344,2022-12-03 13:56:55+00:00,SatgasCitarum,"Alhamdulillah, bantuan untuk para korban gempa di Cianjur terus berdatangan. 

Sampai dengan tanggal 2 Desember 2022 sejumlah bantuan telah tersalurkan baik dari Pemerintah Pusat, Pemda Provinsi Jawa Barat, Pemda Kabupaten/Kota, dan dari masyarakat umum.

#Cianjur #PrayForCianjur https://t.co/B3iEK2YjiL"
272,https://twitter.com/radinCoe/status/1599033729623941120,2022-12-03 13:32:04+00:00,radinCoe,"@yusing Iya pengennya sih begitu (dan seharusnya jg bgitu), tapiii... Ngarep pegawai pemerintah tuh bisa gercep, yaa ampuun....keq dorong mobil mogok. Tengok deh pendistribusian logistik di gempa Cianjur..."
273,https://twitter.com/NTB_Prov/status/1599033173606019072,2022-12-03 13:29:51+00:00,NTB_Prov,"Pemerintah provinsi NTB mengirim produk lokal milik Provinsi NTB untuk gempa Cianjur-Jawa Barat. Bantuan tersebut bersumber dari UKM dan IKM yang ada Nusa Tenggara Barat 

#ntbgemilang https://t.co/jXK4Erynwq"
274,https://twitter.com/sunarto__/status/1599027789264719877,2022-12-03 13:08:28+00:00,sunarto__,"@NovalAssegaf Baca berita yg bener itu untuk gempa cianjur. Org kafir sumbang gak boleh, sesama muslim jg gak boleh mau anda korban itu dibiarkan gitu? Biar anda puas hujat pemerintah? Jgn kebiasaan suudzon, tebiat sumbu pendek,baca judul meledak duluan"
275,https://twitter.com/Hasanuddun1/status/1599024700843180032,2022-12-03 12:56:11+00:00,Hasanuddun1,"@IsmailBhakti @Reesty_Cayah Loh dana infak mesjid seyogianya dipergunakan utk kemakmuran mesjid bukan dipergunakan utk keperluan diluar mesjid ....
Kalau memang diperlukan dana utk bantuan kemanusiaan gempa Cianjur ya dibuat la donasi umum dalam hal ini pemerintah harus bertanggung jawab memberi bantuan ."
276,https://twitter.com/jabarprovgoid/status/1599011389741621248,2022-12-03 12:03:18+00:00,jabarprovgoid,"Bantuan untuk para korban gempa Cianjur telah tersalurkan ü•∞
Baik dari Pemerintah Pusat, Pemdaprov Jabar, Pemerintah Kab/Kota maupun masyarakat umum üòäüôè
Mohon doa dan dukungannya wargi Jabar, agar keadaan saudara kita di Cianjur semakin membaik ü§ó

@humasjabar @ridwankamil https://t.co/akCl4izIi8"
277,https://twitter.com/nuyuy_yups/status/1599007414413832197,2022-12-03 11:47:30+00:00,nuyuy_yups,"Puan Maharani, mengatakan DPR bakal mengawal pemberian bantuan dana dari Pemerintah bagi warga yang rumahnya rusak akibat gempa Cianjur, Jawa Barat. Menurut dia, pengawalan ini diperlukan agar semua warga mendapatkan haknya. https://t.co/EcYXHzH5xH"
278,https://twitter.com/nuyuy_yups/status/1599007315729928192,2022-12-03 11:47:06+00:00,nuyuy_yups,"Penanganan korban jadi prioritas utama, Puan Maharani meminta pemerintah agar proses tanggap darurat gempa Cianjur harus dilakukan dengan sebaik mungkin. https://t.co/H1lUkuN9NM"
279,https://twitter.com/humas_smd/status/1598999615051026432,2022-12-03 11:16:30+00:00,humas_smd,"Pemerintah Daerah Kabupaten Sumedang,  beserta sejumlah elemen masyarakat, sampai saat ini masih terus mengirimkan bantuan bagi korban gempa di Cianjur.
Selain mengirimkan 60 personil anggota BPBD, dan petugas medis dari Dinas Kesehatan, Pemda Kabupaten Sumedang juga masih terus https://t.co/xL5QmHSqHw"
280,https://twitter.com/Dispora_NTB/status/1598996912447041536,2022-12-03 11:05:46+00:00,Dispora_NTB,"Sabtu, 03 Desember 2022. Kepala Dinas Pemuda dan Olahraga  Provinsi NTB diwakili Kepala Bidang Pengembangan Sarpras Dispora NTB, Bapak Lalu Fatanah, S.Sos., M.M. menghadiri Pelepasan Bantuan Pemerintah dan Masyarakat NTB bagi korban gempa Cianjur, Jawa Barat. https://t.co/GEaXXRB39Y"
281,https://twitter.com/PriatnaGaluh/status/1598983945840099328,2022-12-03 10:14:15+00:00,PriatnaGaluh,"@cikmun0265 @elpoghu @OposisiCerdas Untuk menyumbang warga terdampak bencana, termasuk warga terdampak gempa bumi Cianjur. Kita tak boleh hanya mengandalkan pemerintah. Pemerintah sedang pusing mencari uang untuk biaya pembangunan, di antaranya untuk IKN dan kereta cepat."
282,https://twitter.com/kalaestein/status/1598983386663890945,2022-12-03 10:12:01+00:00,kalaestein,"sumpah ya, pemerintah tuh kenapa sih. udah tau cianjur lagi kena gempa malah tv analog diilangin. sumber info gempa gempa tuh ada di tv, orang yang gak punya hp cuma ngandelin tv buat info. sekarang tv nya udah gak bisa di pake, mau gimana coba. jadi pada gak tau kalo ada gempa ‚Äî"
283,https://twitter.com/dayatilir/status/1598966126985506816,2022-12-03 09:03:26+00:00,dayatilir,"Pemerintah Siapkan Rehabilitasi 14.490 Rumah Yang Rusak Akibat Bencana Gempa Cianjur
#JokowiPresidenku
#PembangunanUntukRakyat
#PresidenJokowiHebat
#JokowiMembangunNegeri
#JokowiMajuBersamaIndonesia
#JokowiBapakInfrastruktur https://t.co/dZ7miXhVvB"
284,https://twitter.com/AsmaraDiana7/status/1598965415597703170,2022-12-03 09:00:37+00:00,AsmaraDiana7,"Pemerintah Siapkan Rehabilitasi 14.490 Rumah Yang Rusak Akibat Bencana Gempa Cianjur
#JokowiPresidenku
#PembangunanUntukRakyat
#PresidenJokowiHebat
#JokowiMembangunNegeri
#JokowiMajuBersamaIndonesia
#JokowiBapakInfrastruktur https://t.co/8fvw489NkE"
285,https://twitter.com/AliyaSa03302350/status/1598961654376845315,2022-12-03 08:45:40+00:00,AliyaSa03302350,"Gempa Cianjur Sampai Kapan Rakyat Harus Tinggal di Pengungsian | MMC News

Gempa Cianjur menyisakan duka yang mendalam. Ratusan ribu masyarakat Cianjur harus mengungsi. Sementara bantuan dari pemerintah belum merata. 

https://t.co/rLFDX7rjyS"
286,https://twitter.com/21BeritaTerkini/status/1598959234863230979,2022-12-03 08:36:03+00:00,21BeritaTerkini,"Pembangunan Rumah Warga Korban Gempa Cianjur, Pemerintah Cianjur libatkan TNI-Polri https://t.co/KkRyYrAX4C"
287,https://twitter.com/6589O/status/1598956194286407681,2022-12-03 08:23:58+00:00,6589O,Puan Maharani meminta pemerintah melakukan tanggap darurat gempa Cianjur dgn sebaik mungkin. Korban gempa harus ditangani terlebih dahulu &amp; melakukan tugas tanggap darurat dgn baik. https://t.co/e2JJ0BRmfW
288,https://twitter.com/6589O/status/1598956119254523906,2022-12-03 08:23:40+00:00,6589O,"Puan Maharani minra pemerintah untuk cepat tangani korban gempa Cianjur, Puan juga meminta pemerintah untuk segera membangun RS darurat. https://t.co/xFo0lqGZck"
289,https://twitter.com/6589O/status/1598955995837124613,2022-12-03 08:23:11+00:00,6589O,"Puan Maharani, mengatakan DPR bakal mengawal pemberian bantuan dana dari Pemerintah bagi warga yang rumahnya rusak akibat gempa Cianjur, Jawa Barat. Menurut dia, pengawalan ini diperlukan agar semua warga mendapatkan haknya. https://t.co/I6vdPOhokE"
